scraped_at,site,route_id,origin,destination,depart_date,return_date,price,currency,notes
2026-09-01T00:40:13.775Z,aerolineas,bue-gyn,EZE,GYN,2026-12-18,2026-12-28,3697,BRL,"{""out"":{""stops"":1,""totalDurationMin"":425,""segments"":[{""airline"":""AR"",""flightNumber"":1246,""origin"":""AEP"",""destination"":""GRU"",""departure"":""2026-12-18T11:55:00"",""arrival"":""2026-12-18T14:40:00""},{""airline"":""LA"",""flightNumber"":8282,""origin"":""GRU"",""destination"":""GYN"",""departure"":""2026-12-18T17:25:00"",""arrival"":""2026-12-18T19:00:00""}]},""in"":{""stops"":1,""totalDurationMin"":740,""segments"":[{""airline"":""G3"",""flightNumber"":2063,""origin"":""GYN"",""destination"":""GIG"",""departure"":""2026-12-28T17:40:00"",""arrival"":""2026-12-28T19:20:00""},{""airline"":""AR"",""flightNumber"":1271,""origin"":""GIG"",""destination"":""AEP"",""departure"":""2026-12-29T02:35:00"",""arrival"":""2026-12-29T06:00:00""}]}}"
2026-09-01T00:40:13.775Z,aerolineas,bue-gyn,EZE,GYN,2026-12-19,2026-12-29,3947,BRL,"{""out"":{""stops"":1,""totalDurationMin"":785,""segments"":[{""airline"":""AR"",""flightNumber"":1240,""origin"":""AEP"",""destination"":""GRU"",""departure"":""2026-12-19T20:00:00"",""arrival"":""2026-12-19T22:45:00""},{""airline"":""LA"",""flightNumber"":8144,""origin"":""GRU"",""destination"":""GYN"",""departure"":""2026-12-20T07:30:00"",""arrival"":""2026-12-20T09:05:00""}]},""in"":{""stops"":1,""totalDurationMin"":425,""segments"":[{""airline"":""G3"",""flightNumber"":7631,""origin"":""GYN"",""destination"":""GRU"",""departure"":""2026-12-29T11:35:00"",""arrival"":""2026-12-29T13:15:00""},{""airline"":""AR"",""flightNumber"":1247,""origin"":""GRU"",""destination"":""AEP"",""departure"":""2026-12-29T15:40:00"",""arrival"":""2026-12-29T18:40:00""}]}}"
2026-09-01T00:40:13.775Z,aerolineas,bue-gyn,EZE,GYN,2026-12-20,2026-12-30,3702,BRL,"{""out"":{""stops"":1,""totalDurationMin"":645,""segments"":[{""airline"":""AR"",""flightNumber"":1242,""origin"":""AEP"",""destination"":""GRU"",""departure"":""2026-12-20T06:25:00"",""arrival"":""2026-12-20T09:10:00""},{""airline"":""LA"",""flightNumber"":8148,""origin"":""GRU"",""destination"":""GYN"",""departure"":""2026-12-20T15:30:00"",""arrival"":""2026-12-20T17:10:00""}]},""in"":{""stops"":1,""totalDurationMin"":880,""segments"":[{""airline"":""G3"",""flightNumber"":7524,""origin"":""GYN"",""destination"":""GRU"",""departure"":""2026-12-30T19:20:00"",""arrival"":""2026-12-30T21:15:00""},{""airline"":""AR"",""flightNumber"":1241,""origin"":""GRU"",""destination"":""AEP"",""departure"":""2026-12-31T07:00:00"",""arrival"":""2026-12-31T10:00:00""}]}}"
2026-09-01T00:40:13.775Z,aerolineas,bue-gyn,EZE,GYN,2026-12-21,2026-12-31,3385,BRL,"{""out"":{""stops"":1,""totalDurationMin"":405,""segments"":[{""airline"":""AR"",""flightNumber"":1246,""origin"":""AEP"",""destination"":""GRU"",""departure"":""2026-12-21T11:55:00"",""arrival"":""2026-12-21T14:40:00""},{""airline"":""G3"",""flightNumber"":1492,""origin"":""GRU"",""destination"":""GYN"",""departure"":""2026-12-21T17:00:00"",""arrival"":""2026-12-21T18:40:00""}]},""in"":{""stops"":1,""totalDurationMin"":705,""segments"":[{""airline"":""G3"",""flightNumber"":7631,""origin"":""GYN"",""destination"":""GRU"",""departure"":""2026-12-31T11:35:00"",""arrival"":""2026-12-31T13:15:00""},{""airline"":""AR"",""flightNumber"":1251,""origin"":""GRU"",""destination"":""AEP"",""departure"":""2026-12-31T20:20:00"",""arrival"":""2026-12-31T23:20:00""}]}}"
2026-09-01T00:40:13.775Z,aerolineas,bue-gyn,EZE,GYN,2026-12-22,2027-01-01,3857,BRL,"{""out"":{""stops"":1,""totalDurationMin"":410,""segments"":[{""airline"":""AR"",""flightNumber"":1242,""origin"":""AEP"",""destination"":""GRU"",""departure"":""2026-12-22T06:25:00"",""arrival"":""2026-12-22T09:10:00""},{""airline"":""LA"",""flightNumber"":8084,""origin"":""GRU"",""destination"":""GYN"",""departure"":""2026-12-22T11:40:00"",""arrival"":""2026-12-22T13:15:00""}]},""in"":{""stops"":1,""totalDurationMin"":880,""segments"":[{""airline"":""G3"",""flightNumber"":7524,""origin"":""GYN"",""destination"":""GRU"",""departure"":""2027-01-01T19:20:00"",""arrival"":""2027-01-01T21:15:00""},{""airline"":""AR"",""flightNumber"":1241,""origin"":""GRU"",""destination"":""AEP"",""departure"":""2027-01-02T07:00:00"",""arrival"":""2027-01-02T10:00:00""}]}}"
2026-09-01T00:40:13.775Z,aerolineas,bue-gyn,EZE,GYN,2026-12-23,2027-01-02,3775,BRL,"{""out"":{""stops"":1,""totalDurationMin"":735,""segments"":[{""airline"":""AR"",""flightNumber"":1242,""origin"":""AEP"",""destination"":""GRU"",""departure"":""2026-12-23T06:25:00"",""arrival"":""2026-12-23T09:10:00""},{""airline"":""G3"",""flightNumber"":7510,""origin"":""GRU"",""destination"":""GYN"",""departure"":""2026-12-23T17:00:00"",""arrival"":""2026-12-23T18:40:00""}]},""in"":{""stops"":1,""totalDurationMin"":460,""segments"":[{""airline"":""G3"",""flightNumber"":7679,""origin"":""GYN"",""destination"":""GRU"",""departure"":""2027-01-02T06:00:00"",""arrival"":""2027-01-02T07:40:00""},{""airline"":""AR"",""flightNumber"":1243,""origin"":""GRU"",""destination"":""AEP"",""departure"":""2027-01-02T10:40:00"",""arrival"":""2027-01-02T13:40:00""}]}}"
2026-09-01T00:40:13.775Z,aerolineas,bue-gyn,EZE,GYN,2026-12-24,2027-01-03,3702,BRL,"{""out"":{""stops"":1,""totalDurationMin"":1035,""segments"":[{""airline"":""AR"",""flightNumber"":1240,""origin"":""AEP"",""destination"":""GRU"",""departure"":""2026-12-24T20:00:00"",""arrival"":""2026-12-24T22:45:00""},{""airline"":""LA"",""flightNumber"":8084,""origin"":""GRU"",""destination"":""GYN"",""departure"":""2026-12-25T11:40:00"",""arrival"":""2026-12-25T13:15:00""}]},""in"":{""stops"":1,""totalDurationMin"":535,""segments"":[{""airline"":""G3"",""flightNumber"":7631,""origin"":""GYN"",""destination"":""GRU"",""departure"":""2027-01-03T11:35:00"",""arrival"":""2027-01-03T13:15:00""},{""airline"":""AR"",""flightNumber"":1247,""origin"":""GRU"",""destination"":""AEP"",""departure"":""2027-01-03T17:30:00"",""arrival"":""2027-01-03T20:30:00""}]}}"
2026-09-01T00:40:13.775Z,aerolineas,bue-gyn,EZE,GYN,2026-12-25,2027-01-04,3802,BRL,"{""out"":{""stops"":1,""totalDurationMin"":410,""segments"":[{""airline"":""AR"",""flightNumber"":1242,""origin"":""AEP"",""destination"":""GRU"",""departure"":""2026-12-25T06:25:00"",""arrival"":""2026-12-25T09:10:00""},{""airline"":""LA"",""flightNumber"":8084,""origin"":""GRU"",""destination"":""GYN"",""departure"":""2026-12-25T11:40:00"",""arrival"":""2026-12-25T13:15:00""}]},""in"":{""stops"":1,""totalDurationMin"":880,""segments"":[{""airline"":""G3"",""flightNumber"":1493,""origin"":""GYN"",""destination"":""GRU"",""departure"":""2027-01-04T19:20:00"",""arrival"":""2027-01-04T21:15:00""},{""airline"":""AR"",""flightNumber"":1241,""origin"":""GRU"",""destination"":""AEP"",""departure"":""2027-01-05T07:00:00"",""arrival"":""2027-01-05T10:00:00""}]}}"
2026-09-01T00:40:13.775Z,aerolineas,bue-gyn,EZE,GYN,2026-12-26,2027-01-05,3869,BRL,"{""out"":{""stops"":1,""totalDurationMin"":405,""segments"":[{""airline"":""AR"",""flightNumber"":1246,""origin"":""AEP"",""destination"":""GRU"",""departure"":""2026-12-26T11:55:00"",""arrival"":""2026-12-26T14:40:00""},{""airline"":""G3"",""flightNumber"":7510,""origin"":""GRU"",""destination"":""GYN"",""departure"":""2026-12-26T17:00:00"",""arrival"":""2026-12-26T18:40:00""}]},""in"":{""stops"":1,""totalDurationMin"":880,""segments"":[{""airline"":""G3"",""flightNumber"":1493,""origin"":""GYN"",""destination"":""GRU"",""departure"":""2027-01-05T19:20:00"",""arrival"":""2027-01-05T21:15:00""},{""airline"":""AR"",""flightNumber"":1241,""origin"":""GRU"",""destination"":""AEP"",""departure"":""2027-01-06T07:00:00"",""arrival"":""2027-01-06T10:00:00""}]}}"
2026-09-01T00:40:13.775Z,aerolineas,bue-gyn,EZE,GYN,2026-12-27,2027-01-06,3947,BRL,"{""out"":{""stops"":1,""totalDurationMin"":425,""segments"":[{""airline"":""AR"",""flightNumber"":1246,""origin"":""AEP"",""destination"":""GRU"",""departure"":""2026-12-27T11:55:00"",""arrival"":""2026-12-27T14:40:00""},{""airline"":""LA"",""flightNumber"":8282,""origin"":""GRU"",""destination"":""GYN"",""departure"":""2026-12-27T17:25:00"",""arrival"":""2026-12-27T19:00:00""}]},""in"":{""stops"":1,""totalDurationMin"":880,""segments"":[{""airline"":""G3"",""flightNumber"":1493,""origin"":""GYN"",""destination"":""GRU"",""departure"":""2027-01-06T19:20:00"",""arrival"":""2027-01-06T21:15:00""},{""airline"":""AR"",""flightNumber"":1241,""origin"":""GRU"",""destination"":""AEP"",""departure"":""2027-01-07T07:00:00"",""arrival"":""2027-01-07T10:00:00""}]}}"
2026-09-01T00:40:13.775Z,aerolineas,bue-gyn,EZE,GYN,2026-12-28,2027-01-07,3947,BRL,"{""out"":{""stops"":1,""totalDurationMin"":400,""segments"":[{""airline"":""AR"",""flightNumber"":1250,""origin"":""AEP"",""destination"":""GRU"",""departure"":""2026-12-28T16:40:00"",""arrival"":""2026-12-28T19:25:00""},{""airline"":""G3"",""flightNumber"":7630,""origin"":""GRU"",""destination"":""GYN"",""departure"":""2026-12-28T21:40:00"",""arrival"":""2026-12-28T23:20:00""}]},""in"":{""stops"":1,""totalDurationMin"":395,""segments"":[{""airline"":""LA"",""flightNumber"":8069,""origin"":""GYN"",""destination"":""GRU"",""departure"":""2027-01-07T13:55:00"",""arrival"":""2027-01-07T15:40:00""},{""airline"":""AR"",""flightNumber"":1247,""origin"":""GRU"",""destination"":""AEP"",""departure"":""2027-01-07T17:30:00"",""arrival"":""2027-01-07T20:30:00""}]}}"
2026-09-01T00:40:13.775Z,aerolineas,bue-gyn,EZE,GYN,2026-12-29,2027-01-08,4086,BRL,"{""out"":{""stops"":1,""totalDurationMin"":895,""segments"":[{""airline"":""AR"",""flightNumber"":1240,""origin"":""AEP"",""destination"":""GRU"",""departure"":""2026-12-29T20:00:00"",""arrival"":""2026-12-29T22:45:00""},{""airline"":""G3"",""flightNumber"":7546,""origin"":""GRU"",""destination"":""GYN"",""departure"":""2026-12-30T09:15:00"",""arrival"":""2026-12-30T10:55:00""}]},""in"":{""stops"":1,""totalDurationMin"":390,""segments"":[{""airline"":""LA"",""flightNumber"":8231,""origin"":""GYN"",""destination"":""GRU"",""departure"":""2027-01-08T09:50:00"",""arrival"":""2027-01-08T11:30:00""},{""airline"":""AR"",""flightNumber"":1245,""origin"":""GRU"",""destination"":""AEP"",""departure"":""2027-01-08T13:20:00"",""arrival"":""2027-01-08T16:20:00""}]}}"
2026-09-01T00:40:13.775Z,aerolineas,bue-gyn,EZE,GYN,2026-12-30,2027-01-09,3808,BRL,"{""out"":{""stops"":1,""totalDurationMin"":895,""segments"":[{""airline"":""AR"",""flightNumber"":1240,""origin"":""AEP"",""destination"":""GRU"",""departure"":""2026-12-30T20:00:00"",""arrival"":""2026-12-30T22:45:00""},{""airline"":""G3"",""flightNumber"":7546,""origin"":""GRU"",""destination"":""GYN"",""departure"":""2026-12-31T09:15:00"",""arrival"":""2026-12-31T10:55:00""}]},""in"":{""stops"":1,""totalDurationMin"":535,""segments"":[{""airline"":""G3"",""flightNumber"":7631,""origin"":""GYN"",""destination"":""GRU"",""departure"":""2027-01-09T11:35:00"",""arrival"":""2027-01-09T13:15:00""},{""airline"":""AR"",""flightNumber"":1247,""origin"":""GRU"",""destination"":""AEP"",""departure"":""2027-01-09T17:30:00"",""arrival"":""2027-01-09T20:30:00""}]}}"
2026-09-01T00:40:13.775Z,aerolineas,bue-gyn,EZE,GYN,2026-12-31,2027-01-10,4425,BRL,"{""out"":{""stops"":1,""totalDurationMin"":410,""segments"":[{""airline"":""AR"",""flightNumber"":1242,""origin"":""AEP"",""destination"":""GRU"",""departure"":""2026-12-31T06:25:00"",""arrival"":""2026-12-31T09:10:00""},{""airline"":""LA"",""flightNumber"":8084,""origin"":""GRU"",""destination"":""GYN"",""departure"":""2026-12-31T11:40:00"",""arrival"":""2026-12-31T13:15:00""}]},""in"":{""stops"":1,""totalDurationMin"":855,""segments"":[{""airline"":""LA"",""flightNumber"":8079,""origin"":""GYN"",""destination"":""GRU"",""departure"":""2027-01-10T19:45:00"",""arrival"":""2027-01-10T21:30:00""},{""airline"":""AR"",""flightNumber"":1241,""origin"":""GRU"",""destination"":""AEP"",""departure"":""2027-01-11T07:00:00"",""arrival"":""2027-01-11T10:00:00""}]}}"
2026-09-01T00:40:13.775Z,aerolineas,bue-gyn,EZE,GYN,2027-01-01,2027-01-11,4086,BRL,"{""out"":{""stops"":1,""totalDurationMin"":415,""segments"":[{""airline"":""AR"",""flightNumber"":1242,""origin"":""AEP"",""destination"":""GRU"",""departure"":""2027-01-01T06:20:00"",""arrival"":""2027-01-01T09:05:00""},{""airline"":""LA"",""flightNumber"":8084,""origin"":""GRU"",""destination"":""GYN"",""departure"":""2027-01-01T11:40:00"",""arrival"":""2027-01-01T13:15:00""}]},""in"":{""stops"":1,""totalDurationMin"":880,""segments"":[{""airline"":""G3"",""flightNumber"":7524,""origin"":""GYN"",""destination"":""GRU"",""departure"":""2027-01-11T19:20:00"",""arrival"":""2027-01-11T21:15:00""},{""airline"":""AR"",""flightNumber"":1241,""origin"":""GRU"",""destination"":""AEP"",""departure"":""2027-01-12T07:00:00"",""arrival"":""2027-01-12T10:00:00""}]}}"
2026-09-01T00:40:13.775Z,aerolineas,bue-gyn,EZE,GYN,2027-01-02,2027-01-12,4620,BRL,"{""out"":{""stops"":1,""totalDurationMin"":575,""segments"":[{""airline"":""AR"",""flightNumber"":1246,""origin"":""AEP"",""destination"":""GRU"",""departure"":""2027-01-02T13:45:00"",""arrival"":""2027-01-02T16:30:00""},{""airline"":""G3"",""flightNumber"":1494,""origin"":""GRU"",""destination"":""GYN"",""departure"":""2027-01-02T21:40:00"",""arrival"":""2027-01-02T23:20:00""}]},""in"":{""stops"":1,""totalDurationMin"":880,""segments"":[{""airline"":""G3"",""flightNumber"":1493,""origin"":""GYN"",""destination"":""GRU"",""departure"":""2027-01-12T19:20:00"",""arrival"":""2027-01-12T21:15:00""},{""airline"":""AR"",""flightNumber"":1241,""origin"":""GRU"",""destination"":""AEP"",""departure"":""2027-01-13T07:00:00"",""arrival"":""2027-01-13T10:00:00""}]}}"
2026-09-01T00:40:13.775Z,aerolineas,bue-gyn,EZE,GYN,2027-01-03,2027-01-13,4620,BRL,"{""out"":{""stops"":1,""totalDurationMin"":415,""segments"":[{""airline"":""AR"",""flightNumber"":1250,""origin"":""AEP"",""destination"":""GRU"",""departure"":""2027-01-03T16:40:00"",""arrival"":""2027-01-03T19:25:00""},{""airline"":""G3"",""flightNumber"":1494,""origin"":""GRU"",""destination"":""GYN"",""departure"":""2027-01-03T21:55:00"",""arrival"":""2027-01-03T23:35:00""}]},""in"":{""stops"":1,""totalDurationMin"":880,""segments"":[{""airline"":""G3"",""flightNumber"":1493,""origin"":""GYN"",""destination"":""GRU"",""departure"":""2027-01-13T19:20:00"",""arrival"":""2027-01-13T21:15:00""},{""airline"":""AR"",""flightNumber"":1241,""origin"":""GRU"",""destination"":""AEP"",""departure"":""2027-01-14T07:00:00"",""arrival"":""2027-01-14T10:00:00""}]}}"
2026-09-01T00:40:13.775Z,aerolineas,bue-gyn,EZE,GYN,2027-01-04,2027-01-14,4759,BRL,"{""out"":{""stops"":1,""totalDurationMin"":740,""segments"":[{""airline"":""AR"",""flightNumber"":1242,""origin"":""AEP"",""destination"":""GRU"",""departure"":""2027-01-04T06:20:00"",""arrival"":""2027-01-04T09:05:00""},{""airline"":""G3"",""flightNumber"":7510,""origin"":""GRU"",""destination"":""GYN"",""departure"":""2027-01-04T17:00:00"",""arrival"":""2027-01-04T18:40:00""}]},""in"":{""stops"":1,""totalDurationMin"":855,""segments"":[{""airline"":""LA"",""flightNumber"":8075,""origin"":""GYN"",""destination"":""GRU"",""departure"":""2027-01-14T19:45:00"",""arrival"":""2027-01-14T21:30:00""},{""airline"":""AR"",""flightNumber"":1241,""origin"":""GRU"",""destination"":""AEP"",""departure"":""2027-01-15T07:00:00"",""arrival"":""2027-01-15T10:00:00""}]}}"
2026-09-01T00:40:13.775Z,aerolineas,bue-gyn,EZE,GYN,2027-01-05,2027-01-15,4086,BRL,"{""out"":{""stops"":1,""totalDurationMin"":895,""segments"":[{""airline"":""AR"",""flightNumber"":1240,""origin"":""AEP"",""destination"":""GRU"",""departure"":""2027-01-05T20:00:00"",""arrival"":""2027-01-05T22:45:00""},{""airline"":""G3"",""flightNumber"":7546,""origin"":""GRU"",""destination"":""GYN"",""departure"":""2027-01-06T09:15:00"",""arrival"":""2027-01-06T10:55:00""}]},""in"":{""stops"":1,""totalDurationMin"":390,""segments"":[{""airline"":""LA"",""flightNumber"":8231,""origin"":""GYN"",""destination"":""GRU"",""departure"":""2027-01-15T09:50:00"",""arrival"":""2027-01-15T11:30:00""},{""airline"":""AR"",""flightNumber"":1245,""origin"":""GRU"",""destination"":""AEP"",""departure"":""2027-01-15T13:20:00"",""arrival"":""2027-01-15T16:20:00""}]}}"
2026-09-01T00:40:13.775Z,aerolineas,bue-gyn,EZE,GYN,2027-01-06,2027-01-16,3758,BRL,"{""out"":{""stops"":1,""totalDurationMin"":400,""segments"":[{""airline"":""AR"",""flightNumber"":1250,""origin"":""AEP"",""destination"":""GRU"",""departure"":""2027-01-06T16:40:00"",""arrival"":""2027-01-06T19:25:00""},{""airline"":""G3"",""flightNumber"":7630,""origin"":""GRU"",""destination"":""GYN"",""departure"":""2027-01-06T21:40:00"",""arrival"":""2027-01-06T23:20:00""}]},""in"":{""stops"":1,""totalDurationMin"":880,""segments"":[{""airline"":""G3"",""flightNumber"":7524,""origin"":""GYN"",""destination"":""GRU"",""departure"":""2027-01-16T19:20:00"",""arrival"":""2027-01-16T21:05:00""},{""airline"":""AR"",""flightNumber"":1241,""origin"":""GRU"",""destination"":""AEP"",""departure"":""2027-01-17T07:00:00"",""arrival"":""2027-01-17T10:00:00""}]}}"
2026-09-01T00:40:13.775Z,aerolineas,bue-gyn,EZE,GYN,2027-01-07,2027-01-17,3808,BRL,"{""out"":{""stops"":1,""totalDurationMin"":575,""segments"":[{""airline"":""AR"",""flightNumber"":1246,""origin"":""AEP"",""destination"":""GRU"",""departure"":""2027-01-07T13:45:00"",""arrival"":""2027-01-07T16:30:00""},{""airline"":""G3"",""flightNumber"":7630,""origin"":""GRU"",""destination"":""GYN"",""departure"":""2027-01-07T21:40:00"",""arrival"":""2027-01-07T23:20:00""}]},""in"":{""stops"":1,""totalDurationMin"":725,""segments"":[{""airline"":""G3"",""flightNumber"":7631,""origin"":""GYN"",""destination"":""GRU"",""departure"":""2027-01-17T11:35:00"",""arrival"":""2027-01-17T13:15:00""},{""airline"":""AR"",""flightNumber"":1251,""origin"":""GRU"",""destination"":""AEP"",""departure"":""2027-01-17T20:40:00"",""arrival"":""2027-01-17T23:40:00""}]}}"
2026-09-01T00:40:13.775Z,aerolineas,bue-gyn,EZE,GYN,2027-01-08,2027-01-18,3669,BRL,"{""out"":{""stops"":1,""totalDurationMin"":890,""segments"":[{""airline"":""AR"",""flightNumber"":1240,""origin"":""AEP"",""destination"":""GRU"",""departure"":""2027-01-08T20:00:00"",""arrival"":""2027-01-08T22:45:00""},{""airline"":""G3"",""flightNumber"":7546,""origin"":""GRU"",""destination"":""GYN"",""departure"":""2027-01-09T09:15:00"",""arrival"":""2027-01-09T10:50:00""}]},""in"":{""stops"":1,""totalDurationMin"":880,""segments"":[{""airline"":""G3"",""flightNumber"":7524,""origin"":""GYN"",""destination"":""GRU"",""departure"":""2027-01-18T19:20:00"",""arrival"":""2027-01-18T21:15:00""},{""airline"":""AR"",""flightNumber"":1241,""origin"":""GRU"",""destination"":""AEP"",""departure"":""2027-01-19T07:00:00"",""arrival"":""2027-01-19T10:00:00""}]}}"
2026-09-01T00:40:13.775Z,aerolineas,bue-gyn,EZE,GYN,2027-01-09,2027-01-19,4086,BRL,"{""out"":{""stops"":1,""totalDurationMin"":415,""segments"":[{""airline"":""AR"",""flightNumber"":1242,""origin"":""AEP"",""destination"":""GRU"",""departure"":""2027-01-09T06:20:00"",""arrival"":""2027-01-09T09:05:00""},{""airline"":""LA"",""flightNumber"":8084,""origin"":""GRU"",""destination"":""GYN"",""departure"":""2027-01-09T11:35:00"",""arrival"":""2027-01-09T13:15:00""}]},""in"":{""stops"":1,""totalDurationMin"":535,""segments"":[{""airline"":""G3"",""flightNumber"":7631,""origin"":""GYN"",""destination"":""GRU"",""departure"":""2027-01-19T11:35:00"",""arrival"":""2027-01-19T13:15:00""},{""airline"":""AR"",""flightNumber"":1247,""origin"":""GRU"",""destination"":""AEP"",""departure"":""2027-01-19T17:30:00"",""arrival"":""2027-01-19T20:30:00""}]}}"
2026-09-01T00:40:13.775Z,aerolineas,bue-gyn,EZE,GYN,2027-01-10,2027-01-20,3808,BRL,"{""out"":{""stops"":1,""totalDurationMin"":590,""segments"":[{""airline"":""AR"",""flightNumber"":1246,""origin"":""AEP"",""destination"":""GRU"",""departure"":""2027-01-10T13:45:00"",""arrival"":""2027-01-10T16:30:00""},{""airline"":""G3"",""flightNumber"":1494,""origin"":""GRU"",""destination"":""GYN"",""departure"":""2027-01-10T21:55:00"",""arrival"":""2027-01-10T23:35:00""}]},""in"":{""stops"":1,""totalDurationMin"":500,""segments"":[{""airline"":""G3"",""flightNumber"":7679,""origin"":""GYN"",""destination"":""GRU"",""departure"":""2027-01-20T06:00:00"",""arrival"":""2027-01-20T07:50:00""},{""airline"":""AR"",""flightNumber"":1243,""origin"":""GRU"",""destination"":""AEP"",""departure"":""2027-01-20T11:20:00"",""arrival"":""2027-01-20T14:20:00""}]}}"
2026-09-01T00:40:13.775Z,aerolineas,bue-gyn,EZE,GYN,2027-01-11,2027-01-21,3808,BRL,"{""out"":{""stops"":1,""totalDurationMin"":400,""segments"":[{""airline"":""AR"",""flightNumber"":1250,""origin"":""AEP"",""destination"":""GRU"",""departure"":""2027-01-11T16:40:00"",""arrival"":""2027-01-11T19:25:00""},{""airline"":""G3"",""flightNumber"":1494,""origin"":""GRU"",""destination"":""GYN"",""departure"":""2027-01-11T21:40:00"",""arrival"":""2027-01-11T23:20:00""}]},""in"":{""stops"":1,""totalDurationMin"":535,""segments"":[{""airline"":""G3"",""flightNumber"":7631,""origin"":""GYN"",""destination"":""GRU"",""departure"":""2027-01-21T11:35:00"",""arrival"":""2027-01-21T13:15:00""},{""airline"":""AR"",""flightNumber"":1247,""origin"":""GRU"",""destination"":""AEP"",""departure"":""2027-01-21T17:30:00"",""arrival"":""2027-01-21T20:30:00""}]}}"
2026-09-01T00:40:13.775Z,aerolineas,bue-gyn,EZE,GYN,2027-01-12,2027-01-22,4364,BRL,"{""out"":{""stops"":1,""totalDurationMin"":415,""segments"":[{""airline"":""AR"",""flightNumber"":1242,""origin"":""AEP"",""destination"":""GRU"",""departure"":""2027-01-12T06:20:00"",""arrival"":""2027-01-12T09:05:00""},{""airline"":""LA"",""flightNumber"":8084,""origin"":""GRU"",""destination"":""GYN"",""departure"":""2027-01-12T11:40:00"",""arrival"":""2027-01-12T13:15:00""}]},""in"":{""stops"":1,""totalDurationMin"":390,""segments"":[{""airline"":""LA"",""flightNumber"":8231,""origin"":""GYN"",""destination"":""GRU"",""departure"":""2027-01-22T09:50:00"",""arrival"":""2027-01-22T11:30:00""},{""airline"":""AR"",""flightNumber"":1245,""origin"":""GRU"",""destination"":""AEP"",""departure"":""2027-01-22T13:20:00"",""arrival"":""2027-01-22T16:20:00""}]}}"
2026-09-01T00:40:13.775Z,aerolineas,bue-gyn,EZE,GYN,2027-01-13,2027-01-23,3808,BRL,"{""out"":{""stops"":1,""totalDurationMin"":400,""segments"":[{""airline"":""AR"",""flightNumber"":1250,""origin"":""AEP"",""destination"":""GRU"",""departure"":""2027-01-13T16:40:00"",""arrival"":""2027-01-13T19:25:00""},{""airline"":""G3"",""flightNumber"":7630,""origin"":""GRU"",""destination"":""GYN"",""departure"":""2027-01-13T21:40:00"",""arrival"":""2027-01-13T23:20:00""}]},""in"":{""stops"":1,""totalDurationMin"":460,""segments"":[{""airline"":""G3"",""flightNumber"":7679,""origin"":""GYN"",""destination"":""GRU"",""departure"":""2027-01-23T06:00:00"",""arrival"":""2027-01-23T07:40:00""},{""airline"":""AR"",""flightNumber"":1243,""origin"":""GRU"",""destination"":""AEP"",""departure"":""2027-01-23T10:40:00"",""arrival"":""2027-01-23T13:40:00""}]}}"
2026-09-01T00:40:13.775Z,aerolineas,bue-gyn,EZE,GYN,2027-01-14,2027-01-24,3808,BRL,"{""out"":{""stops"":1,""totalDurationMin"":575,""segments"":[{""airline"":""AR"",""flightNumber"":1246,""origin"":""AEP"",""destination"":""GRU"",""departure"":""2027-01-14T13:45:00"",""arrival"":""2027-01-14T16:30:00""},{""airline"":""G3"",""flightNumber"":1494,""origin"":""GRU"",""destination"":""GYN"",""departure"":""2027-01-14T21:40:00"",""arrival"":""2027-01-14T23:20:00""}]},""in"":{""stops"":1,""totalDurationMin"":580,""segments"":[{""airline"":""G3"",""flightNumber"":7679,""origin"":""GYN"",""destination"":""GRU"",""departure"":""2027-01-24T06:00:00"",""arrival"":""2027-01-24T07:40:00""},{""airline"":""AR"",""flightNumber"":1245,""origin"":""GRU"",""destination"":""AEP"",""departure"":""2027-01-24T12:40:00"",""arrival"":""2027-01-24T15:40:00""}]}}"
2026-09-01T00:40:13.775Z,aerolineas,bue-gyn,EZE,GYN,2027-01-15,2027-01-25,4086,BRL,"{""out"":{""stops"":1,""totalDurationMin"":415,""segments"":[{""airline"":""AR"",""flightNumber"":1242,""origin"":""AEP"",""destination"":""GRU"",""departure"":""2027-01-15T06:20:00"",""arrival"":""2027-01-15T09:05:00""},{""airline"":""LA"",""flightNumber"":8084,""origin"":""GRU"",""destination"":""GYN"",""departure"":""2027-01-15T11:40:00"",""arrival"":""2027-01-15T13:15:00""}]},""in"":{""stops"":1,""totalDurationMin"":880,""segments"":[{""airline"":""G3"",""flightNumber"":7524,""origin"":""GYN"",""destination"":""GRU"",""departure"":""2027-01-25T19:20:00"",""arrival"":""2027-01-25T21:15:00""},{""airline"":""AR"",""flightNumber"":1241,""origin"":""GRU"",""destination"":""AEP"",""departure"":""2027-01-26T07:00:00"",""arrival"":""2027-01-26T10:00:00""}]}}"
2026-09-01T00:40:13.776Z,aerolineas,bue-gyn,EZE,GYN,2027-01-16,2027-01-26,4086,BRL,"{""out"":{""stops"":1,""totalDurationMin"":415,""segments"":[{""airline"":""AR"",""flightNumber"":1242,""origin"":""AEP"",""destination"":""GRU"",""departure"":""2027-01-16T06:20:00"",""arrival"":""2027-01-16T09:05:00""},{""airline"":""LA"",""flightNumber"":8084,""origin"":""GRU"",""destination"":""GYN"",""departure"":""2027-01-16T11:35:00"",""arrival"":""2027-01-16T13:15:00""}]},""in"":{""stops"":1,""totalDurationMin"":535,""segments"":[{""airline"":""G3"",""flightNumber"":7631,""origin"":""GYN"",""destination"":""GRU"",""departure"":""2027-01-26T11:35:00"",""arrival"":""2027-01-26T13:15:00""},{""airline"":""AR"",""flightNumber"":1247,""origin"":""GRU"",""destination"":""AEP"",""departure"":""2027-01-26T17:30:00"",""arrival"":""2027-01-26T20:30:00""}]}}"
2026-09-01T00:40:13.776Z,aerolineas,bue-gyn,EZE,GYN,2027-01-17,2027-01-27,3953,BRL,"{""out"":{""stops"":1,""totalDurationMin"":415,""segments"":[{""airline"":""AR"",""flightNumber"":1250,""origin"":""AEP"",""destination"":""GRU"",""departure"":""2027-01-17T16:40:00"",""arrival"":""2027-01-17T19:25:00""},{""airline"":""G3"",""flightNumber"":7630,""origin"":""GRU"",""destination"":""GYN"",""departure"":""2027-01-17T21:55:00"",""arrival"":""2027-01-17T23:35:00""}]},""in"":{""stops"":1,""totalDurationMin"":500,""segments"":[{""airline"":""G3"",""flightNumber"":7679,""origin"":""GYN"",""destination"":""GRU"",""departure"":""2027-01-27T06:00:00"",""arrival"":""2027-01-27T07:50:00""},{""airline"":""AR"",""flightNumber"":1243,""origin"":""GRU"",""destination"":""AEP"",""departure"":""2027-01-27T11:20:00"",""arrival"":""2027-01-27T14:20:00""}]}}"
2026-09-01T00:40:13.776Z,aerolineas,bue-gyn,EZE,GYN,2027-01-18,2027-01-28,4231,BRL,"{""out"":{""stops"":1,""totalDurationMin"":415,""segments"":[{""airline"":""AR"",""flightNumber"":1242,""origin"":""AEP"",""destination"":""GRU"",""departure"":""2027-01-18T06:20:00"",""arrival"":""2027-01-18T09:05:00""},{""airline"":""LA"",""flightNumber"":3266,""origin"":""GRU"",""destination"":""GYN"",""departure"":""2027-01-18T11:40:00"",""arrival"":""2027-01-18T13:15:00""}]},""in"":{""stops"":1,""totalDurationMin"":460,""segments"":[{""airline"":""G3"",""flightNumber"":7679,""origin"":""GYN"",""destination"":""GRU"",""departure"":""2027-01-28T06:00:00"",""arrival"":""2027-01-28T07:50:00""},{""airline"":""AR"",""flightNumber"":1243,""origin"":""GRU"",""destination"":""AEP"",""departure"":""2027-01-28T10:40:00"",""arrival"":""2027-01-28T13:40:00""}]}}"
2026-09-01T00:40:13.776Z,aerolineas,bue-gyn,EZE,GYN,2027-01-19,2027-01-29,4086,BRL,"{""out"":{""stops"":1,""totalDurationMin"":415,""segments"":[{""airline"":""AR"",""flightNumber"":1242,""origin"":""AEP"",""destination"":""GRU"",""departure"":""2027-01-19T06:20:00"",""arrival"":""2027-01-19T09:05:00""},{""airline"":""LA"",""flightNumber"":8084,""origin"":""GRU"",""destination"":""GYN"",""departure"":""2027-01-19T11:40:00"",""arrival"":""2027-01-19T13:15:00""}]},""in"":{""stops"":1,""totalDurationMin"":880,""segments"":[{""airline"":""G3"",""flightNumber"":7524,""origin"":""GYN"",""destination"":""GRU"",""departure"":""2027-01-29T19:20:00"",""arrival"":""2027-01-29T21:15:00""},{""airline"":""AR"",""flightNumber"":1241,""origin"":""GRU"",""destination"":""AEP"",""departure"":""2027-01-30T07:00:00"",""arrival"":""2027-01-30T10:00:00""}]}}"
2026-09-01T00:40:13.776Z,aerolineas,bue-gyn,EZE,GYN,2027-01-20,2027-01-30,3808,BRL,"{""out"":{""stops"":1,""totalDurationMin"":895,""segments"":[{""airline"":""AR"",""flightNumber"":1240,""origin"":""AEP"",""destination"":""GRU"",""departure"":""2027-01-20T20:00:00"",""arrival"":""2027-01-20T22:45:00""},{""airline"":""G3"",""flightNumber"":7546,""origin"":""GRU"",""destination"":""GYN"",""departure"":""2027-01-21T09:15:00"",""arrival"":""2027-01-21T10:55:00""}]},""in"":{""stops"":1,""totalDurationMin"":880,""segments"":[{""airline"":""G3"",""flightNumber"":7524,""origin"":""GYN"",""destination"":""GRU"",""departure"":""2027-01-30T19:20:00"",""arrival"":""2027-01-30T21:05:00""},{""airline"":""AR"",""flightNumber"":1241,""origin"":""GRU"",""destination"":""AEP"",""departure"":""2027-01-31T07:00:00"",""arrival"":""2027-01-31T10:00:00""}]}}"
2026-09-01T00:40:13.776Z,aerolineas,bue-gyn,EZE,GYN,2027-01-21,2027-01-31,3663,BRL,"{""out"":{""stops"":1,""totalDurationMin"":400,""segments"":[{""airline"":""AR"",""flightNumber"":1250,""origin"":""AEP"",""destination"":""GRU"",""departure"":""2027-01-21T16:40:00"",""arrival"":""2027-01-21T19:25:00""},{""airline"":""G3"",""flightNumber"":7630,""origin"":""GRU"",""destination"":""GYN"",""departure"":""2027-01-21T21:40:00"",""arrival"":""2027-01-21T23:20:00""}]},""in"":{""stops"":1,""totalDurationMin"":880,""segments"":[{""airline"":""G3"",""flightNumber"":7524,""origin"":""GYN"",""destination"":""GRU"",""departure"":""2027-01-31T19:20:00"",""arrival"":""2027-01-31T21:05:00""},{""airline"":""AR"",""flightNumber"":1241,""origin"":""GRU"",""destination"":""AEP"",""departure"":""2027-02-01T07:00:00"",""arrival"":""2027-02-01T10:00:00""}]}}"
2026-09-01T00:40:13.776Z,aerolineas,bue-gyn,EZE,GYN,2027-01-22,2027-02-01,3902,BRL,"{""out"":{""stops"":1,""totalDurationMin"":400,""segments"":[{""airline"":""AR"",""flightNumber"":1250,""origin"":""AEP"",""destination"":""GRU"",""departure"":""2027-01-22T16:40:00"",""arrival"":""2027-01-22T19:25:00""},{""airline"":""G3"",""flightNumber"":1494,""origin"":""GRU"",""destination"":""GYN"",""departure"":""2027-01-22T21:40:00"",""arrival"":""2027-01-22T23:20:00""}]},""in"":{""stops"":1,""totalDurationMin"":880,""segments"":[{""airline"":""G3"",""flightNumber"":7524,""origin"":""GYN"",""destination"":""GRU"",""departure"":""2027-02-01T19:20:00"",""arrival"":""2027-02-01T21:15:00""},{""airline"":""AR"",""flightNumber"":1241,""origin"":""GRU"",""destination"":""AEP"",""departure"":""2027-02-02T07:00:00"",""arrival"":""2027-02-02T10:00:00""}]}}"
2026-09-01T00:40:13.776Z,aerolineas,bue-gyn,EZE,GYN,2027-01-23,2027-02-02,4314,BRL,"{""out"":{""stops"":1,""totalDurationMin"":785,""segments"":[{""airline"":""AR"",""flightNumber"":1240,""origin"":""AEP"",""destination"":""GRU"",""departure"":""2027-01-23T20:00:00"",""arrival"":""2027-01-23T22:45:00""},{""airline"":""LA"",""flightNumber"":3372,""origin"":""GRU"",""destination"":""GYN"",""departure"":""2027-01-24T07:30:00"",""arrival"":""2027-01-24T09:05:00""}]},""in"":{""stops"":1,""totalDurationMin"":855,""segments"":[{""airline"":""LA"",""flightNumber"":8051,""origin"":""GYN"",""destination"":""GRU"",""departure"":""2027-02-02T19:45:00"",""arrival"":""2027-02-02T21:30:00""},{""airline"":""AR"",""flightNumber"":1241,""origin"":""GRU"",""destination"":""AEP"",""departure"":""2027-02-03T07:00:00"",""arrival"":""2027-02-03T10:00:00""}]}}"
2026-09-01T00:40:13.776Z,aerolineas,bue-gyn,EZE,GYN,2027-01-24,2027-02-03,4086,BRL,"{""out"":{""stops"":1,""totalDurationMin"":785,""segments"":[{""airline"":""AR"",""flightNumber"":1240,""origin"":""AEP"",""destination"":""GRU"",""departure"":""2027-01-24T20:00:00"",""arrival"":""2027-01-24T22:45:00""},{""airline"":""LA"",""flightNumber"":8144,""origin"":""GRU"",""destination"":""GYN"",""departure"":""2027-01-25T07:30:00"",""arrival"":""2027-01-25T09:05:00""}]},""in"":{""stops"":1,""totalDurationMin"":725,""segments"":[{""airline"":""G3"",""flightNumber"":7631,""origin"":""GYN"",""destination"":""GRU"",""departure"":""2027-02-03T11:35:00"",""arrival"":""2027-02-03T13:15:00""},{""airline"":""AR"",""flightNumber"":1251,""origin"":""GRU"",""destination"":""AEP"",""departure"":""2027-02-03T20:40:00"",""arrival"":""2027-02-03T23:40:00""}]}}"
2026-09-01T00:40:13.776Z,aerolineas,bue-gyn,EZE,GYN,2027-01-25,2027-02-04,3808,BRL,"{""out"":{""stops"":1,""totalDurationMin"":1195,""segments"":[{""airline"":""AR"",""flightNumber"":1270,""origin"":""AEP"",""destination"":""GIG"",""departure"":""2027-01-25T21:00:00"",""arrival"":""2027-01-25T23:55:00""},{""airline"":""G3"",""flightNumber"":2062,""origin"":""GIG"",""destination"":""GYN"",""departure"":""2027-01-26T15:10:00"",""arrival"":""2027-01-26T16:55:00""}]},""in"":{""stops"":1,""totalDurationMin"":460,""segments"":[{""airline"":""G3"",""flightNumber"":7679,""origin"":""GYN"",""destination"":""GRU"",""departure"":""2027-02-04T06:00:00"",""arrival"":""2027-02-04T07:50:00""},{""airline"":""AR"",""flightNumber"":1243,""origin"":""GRU"",""destination"":""AEP"",""departure"":""2027-02-04T10:40:00"",""arrival"":""2027-02-04T13:40:00""}]}}"
2026-09-01T00:40:13.776Z,aerolineas,bue-gyn,EZE,GYN,2027-01-26,2027-02-05,3808,BRL,"{""out"":{""stops"":1,""totalDurationMin"":995,""segments"":[{""airline"":""AR"",""flightNumber"":1268,""origin"":""AEP"",""destination"":""GIG"",""departure"":""2027-01-26T17:30:00"",""arrival"":""2027-01-26T20:25:00""},{""airline"":""G3"",""flightNumber"":2060,""origin"":""GIG"",""destination"":""GYN"",""departure"":""2027-01-27T08:25:00"",""arrival"":""2027-01-27T10:05:00""}]},""in"":{""stops"":1,""totalDurationMin"":460,""segments"":[{""airline"":""G3"",""flightNumber"":1495,""origin"":""GYN"",""destination"":""GRU"",""departure"":""2027-02-05T06:00:00"",""arrival"":""2027-02-05T07:50:00""},{""airline"":""AR"",""flightNumber"":1243,""origin"":""GRU"",""destination"":""AEP"",""departure"":""2027-02-05T10:40:00"",""arrival"":""2027-02-05T13:40:00""}]}}"
2026-09-01T00:40:13.776Z,aerolineas,bue-gyn,EZE,GYN,2027-01-27,2027-02-06,3669,BRL,"{""out"":{""stops"":1,""totalDurationMin"":400,""segments"":[{""airline"":""AR"",""flightNumber"":1250,""origin"":""AEP"",""destination"":""GRU"",""departure"":""2027-01-27T16:40:00"",""arrival"":""2027-01-27T19:25:00""},{""airline"":""G3"",""flightNumber"":7630,""origin"":""GRU"",""destination"":""GYN"",""departure"":""2027-01-27T21:40:00"",""arrival"":""2027-01-27T23:20:00""}]},""in"":{""stops"":1,""totalDurationMin"":880,""segments"":[{""airline"":""G3"",""flightNumber"":7524,""origin"":""GYN"",""destination"":""GRU"",""departure"":""2027-02-06T19:20:00"",""arrival"":""2027-02-06T21:05:00""},{""airline"":""AR"",""flightNumber"":1241,""origin"":""GRU"",""destination"":""AEP"",""departure"":""2027-02-07T07:00:00"",""arrival"":""2027-02-07T10:00:00""}]}}"
2026-09-01T00:40:13.776Z,aerolineas,bue-gyn,EZE,GYN,2027-01-28,2027-02-07,3802,BRL,"{""out"":{""stops"":1,""totalDurationMin"":785,""segments"":[{""airline"":""AR"",""flightNumber"":1240,""origin"":""AEP"",""destination"":""GRU"",""departure"":""2027-01-28T20:00:00"",""arrival"":""2027-01-28T22:45:00""},{""airline"":""LA"",""flightNumber"":8144,""origin"":""GRU"",""destination"":""GYN"",""departure"":""2027-01-29T07:30:00"",""arrival"":""2027-01-29T09:05:00""}]},""in"":{""stops"":1,""totalDurationMin"":880,""segments"":[{""airline"":""G3"",""flightNumber"":7524,""origin"":""GYN"",""destination"":""GRU"",""departure"":""2027-02-07T19:20:00"",""arrival"":""2027-02-07T21:05:00""},{""airline"":""AR"",""flightNumber"":1241,""origin"":""GRU"",""destination"":""AEP"",""departure"":""2027-02-08T07:00:00"",""arrival"":""2027-02-08T10:00:00""}]}}"
2026-09-01T00:40:13.776Z,aerolineas,bue-gyn,EZE,GYN,2027-01-29,2027-02-08,3941,BRL,"{""out"":{""stops"":1,""totalDurationMin"":415,""segments"":[{""airline"":""AR"",""flightNumber"":1242,""origin"":""AEP"",""destination"":""GRU"",""departure"":""2027-01-29T06:20:00"",""arrival"":""2027-01-29T09:05:00""},{""airline"":""LA"",""flightNumber"":8084,""origin"":""GRU"",""destination"":""GYN"",""departure"":""2027-01-29T11:40:00"",""arrival"":""2027-01-29T13:15:00""}]},""in"":{""stops"":1,""totalDurationMin"":880,""segments"":[{""airline"":""G3"",""flightNumber"":7524,""origin"":""GYN"",""destination"":""GRU"",""departure"":""2027-02-08T19:20:00"",""arrival"":""2027-02-08T21:15:00""},{""airline"":""AR"",""flightNumber"":1241,""origin"":""GRU"",""destination"":""AEP"",""departure"":""2027-02-09T07:00:00"",""arrival"":""2027-02-09T10:00:00""}]}}"
2026-09-01T00:40:13.776Z,aerolineas,bue-gyn,EZE,GYN,2027-01-30,2027-02-09,4086,BRL,"{""out"":{""stops"":1,""totalDurationMin"":415,""segments"":[{""airline"":""AR"",""flightNumber"":1242,""origin"":""AEP"",""destination"":""GRU"",""departure"":""2027-01-30T06:20:00"",""arrival"":""2027-01-30T09:05:00""},{""airline"":""LA"",""flightNumber"":3266,""origin"":""GRU"",""destination"":""GYN"",""departure"":""2027-01-30T11:35:00"",""arrival"":""2027-01-30T13:15:00""}]},""in"":{""stops"":1,""totalDurationMin"":460,""segments"":[{""airline"":""G3"",""flightNumber"":1495,""origin"":""GYN"",""destination"":""GRU"",""departure"":""2027-02-09T06:00:00"",""arrival"":""2027-02-09T07:50:00""},{""airline"":""AR"",""flightNumber"":1243,""origin"":""GRU"",""destination"":""AEP"",""departure"":""2027-02-09T10:40:00"",""arrival"":""2027-02-09T13:40:00""}]}}"
2026-09-01T00:40:13.776Z,aerolineas,bue-gyn,EZE,GYN,2027-01-31,2027-02-10,3936,BRL,"{""out"":{""stops"":1,""totalDurationMin"":510,""segments"":[{""airline"":""AR"",""flightNumber"":1244,""origin"":""AEP"",""destination"":""GRU"",""departure"":""2027-01-31T08:40:00"",""arrival"":""2027-01-31T11:25:00""},{""airline"":""LA"",""flightNumber"":8148,""origin"":""GRU"",""destination"":""GYN"",""departure"":""2027-01-31T15:30:00"",""arrival"":""2027-01-31T17:10:00""}]},""in"":{""stops"":1,""totalDurationMin"":650,""segments"":[{""airline"":""G3"",""flightNumber"":2063,""origin"":""GYN"",""destination"":""GIG"",""departure"":""2027-02-10T17:40:00"",""arrival"":""2027-02-10T19:20:00""},{""airline"":""AR"",""flightNumber"":1271,""origin"":""GIG"",""destination"":""AEP"",""departure"":""2027-02-11T01:05:00"",""arrival"":""2027-02-11T04:30:00""}]}}"
2026-09-01T00:40:13.776Z,aerolineas,bue-gyn,EZE,GYN,2027-02-01,2027-02-11,3663,BRL,"{""out"":{""stops"":1,""totalDurationMin"":895,""segments"":[{""airline"":""AR"",""flightNumber"":1240,""origin"":""AEP"",""destination"":""GRU"",""departure"":""2027-02-01T20:00:00"",""arrival"":""2027-02-01T22:45:00""},{""airline"":""G3"",""flightNumber"":7546,""origin"":""GRU"",""destination"":""GYN"",""departure"":""2027-02-02T09:15:00"",""arrival"":""2027-02-02T10:55:00""}]},""in"":{""stops"":1,""totalDurationMin"":1260,""segments"":[{""airline"":""G3"",""flightNumber"":7524,""origin"":""GYN"",""destination"":""GRU"",""departure"":""2027-02-11T19:20:00"",""arrival"":""2027-02-11T21:15:00""},{""airline"":""AR"",""flightNumber"":1245,""origin"":""GRU"",""destination"":""AEP"",""departure"":""2027-02-12T13:20:00"",""arrival"":""2027-02-12T16:20:00""}]}}"
2026-09-01T00:40:13.776Z,aerolineas,bue-gyn,EZE,GYN,2027-02-02,2027-02-12,3663,BRL,"{""out"":{""stops"":1,""totalDurationMin"":895,""segments"":[{""airline"":""AR"",""flightNumber"":1240,""origin"":""AEP"",""destination"":""GRU"",""departure"":""2027-02-02T20:00:00"",""arrival"":""2027-02-02T22:45:00""},{""airline"":""G3"",""flightNumber"":7546,""origin"":""GRU"",""destination"":""GYN"",""departure"":""2027-02-03T09:15:00"",""arrival"":""2027-02-03T10:55:00""}]},""in"":{""stops"":1,""totalDurationMin"":620,""segments"":[{""airline"":""G3"",""flightNumber"":7679,""origin"":""GYN"",""destination"":""GRU"",""departure"":""2027-02-12T06:00:00"",""arrival"":""2027-02-12T07:50:00""},{""airline"":""AR"",""flightNumber"":1245,""origin"":""GRU"",""destination"":""AEP"",""departure"":""2027-02-12T13:20:00"",""arrival"":""2027-02-12T16:20:00""}]}}"
2026-09-01T00:40:13.776Z,aerolineas,bue-gyn,EZE,GYN,2027-02-03,2027-02-13,3663,BRL,"{""out"":{""stops"":1,""totalDurationMin"":895,""segments"":[{""airline"":""AR"",""flightNumber"":1240,""origin"":""AEP"",""destination"":""GRU"",""departure"":""2027-02-03T20:00:00"",""arrival"":""2027-02-03T22:45:00""},{""airline"":""G3"",""flightNumber"":7546,""origin"":""GRU"",""destination"":""GYN"",""departure"":""2027-02-04T09:15:00"",""arrival"":""2027-02-04T10:55:00""}]},""in"":{""stops"":1,""totalDurationMin"":880,""segments"":[{""airline"":""G3"",""flightNumber"":1493,""origin"":""GYN"",""destination"":""GRU"",""departure"":""2027-02-13T19:20:00"",""arrival"":""2027-02-13T21:05:00""},{""airline"":""AR"",""flightNumber"":1241,""origin"":""GRU"",""destination"":""AEP"",""departure"":""2027-02-14T07:00:00"",""arrival"":""2027-02-14T10:00:00""}]}}"
2026-09-01T00:40:13.776Z,aerolineas,bue-gyn,EZE,GYN,2027-02-04,2027-02-14,3658,BRL,"{""out"":{""stops"":1,""totalDurationMin"":400,""segments"":[{""airline"":""AR"",""flightNumber"":1250,""origin"":""AEP"",""destination"":""GRU"",""departure"":""2027-02-04T16:40:00"",""arrival"":""2027-02-04T19:25:00""},{""airline"":""G3"",""flightNumber"":7630,""origin"":""GRU"",""destination"":""GYN"",""departure"":""2027-02-04T21:40:00"",""arrival"":""2027-02-04T23:20:00""}]},""in"":{""stops"":1,""totalDurationMin"":650,""segments"":[{""airline"":""G3"",""flightNumber"":2063,""origin"":""GYN"",""destination"":""GIG"",""departure"":""2027-02-14T17:40:00"",""arrival"":""2027-02-14T19:20:00""},{""airline"":""AR"",""flightNumber"":1271,""origin"":""GIG"",""destination"":""AEP"",""departure"":""2027-02-15T01:05:00"",""arrival"":""2027-02-15T04:30:00""}]}}"
2026-09-01T00:40:13.776Z,aerolineas,bue-gyn,EZE,GYN,2027-02-05,2027-02-15,3658,BRL,"{""out"":{""stops"":1,""totalDurationMin"":600,""segments"":[{""airline"":""AR"",""flightNumber"":1244,""origin"":""AEP"",""destination"":""GRU"",""departure"":""2027-02-05T08:40:00"",""arrival"":""2027-02-05T11:25:00""},{""airline"":""G3"",""flightNumber"":7510,""origin"":""GRU"",""destination"":""GYN"",""departure"":""2027-02-05T17:00:00"",""arrival"":""2027-02-05T18:40:00""}]},""in"":{""stops"":1,""totalDurationMin"":650,""segments"":[{""airline"":""G3"",""flightNumber"":2063,""origin"":""GYN"",""destination"":""GIG"",""departure"":""2027-02-15T17:40:00"",""arrival"":""2027-02-15T19:20:00""},{""airline"":""AR"",""flightNumber"":1271,""origin"":""GIG"",""destination"":""AEP"",""departure"":""2027-02-16T01:05:00"",""arrival"":""2027-02-16T04:30:00""}]}}"
2026-09-01T00:40:13.776Z,aerolineas,bue-gyn,EZE,GYN,2027-02-06,2027-02-16,3757,BRL,"{""out"":{""stops"":1,""totalDurationMin"":890,""segments"":[{""airline"":""AR"",""flightNumber"":1240,""origin"":""AEP"",""destination"":""GRU"",""departure"":""2027-02-06T20:00:00"",""arrival"":""2027-02-06T22:45:00""},{""airline"":""G3"",""flightNumber"":7546,""origin"":""GRU"",""destination"":""GYN"",""departure"":""2027-02-07T09:15:00"",""arrival"":""2027-02-07T10:50:00""}]},""in"":{""stops"":1,""totalDurationMin"":880,""segments"":[{""airline"":""G3"",""flightNumber"":7524,""origin"":""GYN"",""destination"":""GRU"",""departure"":""2027-02-16T19:20:00"",""arrival"":""2027-02-16T21:15:00""},{""airline"":""AR"",""flightNumber"":1241,""origin"":""GRU"",""destination"":""AEP"",""departure"":""2027-02-17T07:00:00"",""arrival"":""2027-02-17T10:00:00""}]}}"
2026-09-01T00:40:13.776Z,aerolineas,bue-gyn,EZE,GYN,2027-02-07,2027-02-17,3752,BRL,"{""out"":{""stops"":1,""totalDurationMin"":590,""segments"":[{""airline"":""AR"",""flightNumber"":1246,""origin"":""AEP"",""destination"":""GRU"",""departure"":""2027-02-07T13:45:00"",""arrival"":""2027-02-07T16:30:00""},{""airline"":""G3"",""flightNumber"":7630,""origin"":""GRU"",""destination"":""GYN"",""departure"":""2027-02-07T21:55:00"",""arrival"":""2027-02-07T23:35:00""}]},""in"":{""stops"":1,""totalDurationMin"":855,""segments"":[{""airline"":""LA"",""flightNumber"":8048,""origin"":""GYN"",""destination"":""GRU"",""departure"":""2027-02-17T19:45:00"",""arrival"":""2027-02-17T21:30:00""},{""airline"":""AR"",""flightNumber"":1241,""origin"":""GRU"",""destination"":""AEP"",""departure"":""2027-02-18T07:00:00"",""arrival"":""2027-02-18T10:00:00""}]}}"
2026-09-01T00:40:13.776Z,aerolineas,bue-gyn,EZE,GYN,2027-02-08,2027-02-18,3519,BRL,"{""out"":{""stops"":1,""totalDurationMin"":895,""segments"":[{""airline"":""AR"",""flightNumber"":1240,""origin"":""AEP"",""destination"":""GRU"",""departure"":""2027-02-08T20:00:00"",""arrival"":""2027-02-08T22:45:00""},{""airline"":""G3"",""flightNumber"":7546,""origin"":""GRU"",""destination"":""GYN"",""departure"":""2027-02-09T09:15:00"",""arrival"":""2027-02-09T10:55:00""}]},""in"":{""stops"":1,""totalDurationMin"":490,""segments"":[{""airline"":""G3"",""flightNumber"":2065,""origin"":""GYN"",""destination"":""GIG"",""departure"":""2027-02-18T05:10:00"",""arrival"":""2027-02-18T06:50:00""},{""airline"":""AR"",""flightNumber"":1261,""origin"":""GIG"",""destination"":""AEP"",""departure"":""2027-02-18T09:55:00"",""arrival"":""2027-02-18T13:20:00""}]}}"
2026-09-01T00:40:13.776Z,aerolineas,bue-gyn,EZE,GYN,2027-02-09,2027-02-19,3941,BRL,"{""out"":{""stops"":1,""totalDurationMin"":740,""segments"":[{""airline"":""AR"",""flightNumber"":1242,""origin"":""AEP"",""destination"":""GRU"",""departure"":""2027-02-09T06:20:00"",""arrival"":""2027-02-09T09:05:00""},{""airline"":""G3"",""flightNumber"":7510,""origin"":""GRU"",""destination"":""GYN"",""departure"":""2027-02-09T17:00:00"",""arrival"":""2027-02-09T18:40:00""}]},""in"":{""stops"":1,""totalDurationMin"":390,""segments"":[{""airline"":""LA"",""flightNumber"":8231,""origin"":""GYN"",""destination"":""GRU"",""departure"":""2027-02-19T09:50:00"",""arrival"":""2027-02-19T11:30:00""},{""airline"":""AR"",""flightNumber"":1245,""origin"":""GRU"",""destination"":""AEP"",""departure"":""2027-02-19T13:20:00"",""arrival"":""2027-02-19T16:20:00""}]}}"
2026-09-01T00:40:13.776Z,aerolineas,bue-gyn,EZE,GYN,2027-02-10,2027-02-20,3658,BRL,"{""out"":{""stops"":1,""totalDurationMin"":1195,""segments"":[{""airline"":""AR"",""flightNumber"":1270,""origin"":""AEP"",""destination"":""GIG"",""departure"":""2027-02-10T21:00:00"",""arrival"":""2027-02-10T23:55:00""},{""airline"":""G3"",""flightNumber"":2062,""origin"":""GIG"",""destination"":""GYN"",""departure"":""2027-02-11T15:10:00"",""arrival"":""2027-02-11T16:55:00""}]},""in"":{""stops"":1,""totalDurationMin"":420,""segments"":[{""airline"":""G3"",""flightNumber"":2063,""origin"":""GYN"",""destination"":""GIG"",""departure"":""2027-02-20T17:40:00"",""arrival"":""2027-02-20T19:20:00""},{""airline"":""AR"",""flightNumber"":1269,""origin"":""GIG"",""destination"":""AEP"",""departure"":""2027-02-20T21:15:00"",""arrival"":""2027-02-21T00:40:00""}]}}"
2026-09-01T00:40:13.776Z,aerolineas,bue-gyn,EZE,GYN,2027-02-11,2027-02-21,3625,BRL,"{""out"":{""stops"":1,""totalDurationMin"":575,""segments"":[{""airline"":""AR"",""flightNumber"":1246,""origin"":""AEP"",""destination"":""GRU"",""departure"":""2027-02-11T13:45:00"",""arrival"":""2027-02-11T16:30:00""},{""airline"":""G3"",""flightNumber"":7630,""origin"":""GRU"",""destination"":""GYN"",""departure"":""2027-02-11T21:40:00"",""arrival"":""2027-02-11T23:20:00""}]},""in"":{""stops"":1,""totalDurationMin"":650,""segments"":[{""airline"":""G3"",""flightNumber"":2063,""origin"":""GYN"",""destination"":""GIG"",""departure"":""2027-02-21T17:40:00"",""arrival"":""2027-02-21T19:20:00""},{""airline"":""AR"",""flightNumber"":1271,""origin"":""GIG"",""destination"":""AEP"",""departure"":""2027-02-22T01:05:00"",""arrival"":""2027-02-22T04:30:00""}]}}"
2026-09-01T00:40:13.776Z,aerolineas,bue-gyn,EZE,GYN,2027-02-12,2027-02-22,3507,BRL,"{""out"":{""stops"":1,""totalDurationMin"":740,""segments"":[{""airline"":""AR"",""flightNumber"":1242,""origin"":""AEP"",""destination"":""GRU"",""departure"":""2027-02-12T06:20:00"",""arrival"":""2027-02-12T09:05:00""},{""airline"":""G3"",""flightNumber"":7510,""origin"":""GRU"",""destination"":""GYN"",""departure"":""2027-02-12T17:00:00"",""arrival"":""2027-02-12T18:40:00""}]},""in"":{""stops"":1,""totalDurationMin"":880,""segments"":[{""airline"":""G3"",""flightNumber"":7524,""origin"":""GYN"",""destination"":""GRU"",""departure"":""2027-02-22T19:20:00"",""arrival"":""2027-02-22T21:15:00""},{""airline"":""AR"",""flightNumber"":1241,""origin"":""GRU"",""destination"":""AEP"",""departure"":""2027-02-23T07:00:00"",""arrival"":""2027-02-23T10:00:00""}]}}"
2026-09-01T00:40:13.776Z,aerolineas,bue-gyn,EZE,GYN,2027-02-13,2027-02-23,3630,BRL,"{""out"":{""stops"":1,""totalDurationMin"":575,""segments"":[{""airline"":""AR"",""flightNumber"":1246,""origin"":""AEP"",""destination"":""GRU"",""departure"":""2027-02-13T13:45:00"",""arrival"":""2027-02-13T16:30:00""},{""airline"":""G3"",""flightNumber"":7630,""origin"":""GRU"",""destination"":""GYN"",""departure"":""2027-02-13T21:40:00"",""arrival"":""2027-02-13T23:20:00""}]},""in"":{""stops"":1,""totalDurationMin"":880,""segments"":[{""airline"":""G3"",""flightNumber"":7524,""origin"":""GYN"",""destination"":""GRU"",""departure"":""2027-02-23T19:20:00"",""arrival"":""2027-02-23T21:15:00""},{""airline"":""AR"",""flightNumber"":1241,""origin"":""GRU"",""destination"":""AEP"",""departure"":""2027-02-24T07:00:00"",""arrival"":""2027-02-24T10:00:00""}]}}"
2026-09-01T00:40:13.776Z,aerolineas,bue-gyn,EZE,GYN,2027-02-14,2027-02-24,3491,BRL,"{""out"":{""stops"":1,""totalDurationMin"":600,""segments"":[{""airline"":""AR"",""flightNumber"":1244,""origin"":""AEP"",""destination"":""GRU"",""departure"":""2027-02-14T08:40:00"",""arrival"":""2027-02-14T11:25:00""},{""airline"":""G3"",""flightNumber"":7510,""origin"":""GRU"",""destination"":""GYN"",""departure"":""2027-02-14T17:00:00"",""arrival"":""2027-02-14T18:40:00""}]},""in"":{""stops"":1,""totalDurationMin"":880,""segments"":[{""airline"":""G3"",""flightNumber"":7524,""origin"":""GYN"",""destination"":""GRU"",""departure"":""2027-02-24T19:20:00"",""arrival"":""2027-02-24T21:15:00""},{""airline"":""AR"",""flightNumber"":1241,""origin"":""GRU"",""destination"":""AEP"",""departure"":""2027-02-25T07:00:00"",""arrival"":""2027-02-25T10:00:00""}]}}"
2026-09-01T00:40:13.776Z,aerolineas,bue-gyn,EZE,GYN,2027-02-15,2027-02-25,3630,BRL,"{""out"":{""stops"":1,""totalDurationMin"":740,""segments"":[{""airline"":""AR"",""flightNumber"":1242,""origin"":""AEP"",""destination"":""GRU"",""departure"":""2027-02-15T06:20:00"",""arrival"":""2027-02-15T09:05:00""},{""airline"":""G3"",""flightNumber"":7510,""origin"":""GRU"",""destination"":""GYN"",""departure"":""2027-02-15T17:00:00"",""arrival"":""2027-02-15T18:40:00""}]},""in"":{""stops"":1,""totalDurationMin"":880,""segments"":[{""airline"":""G3"",""flightNumber"":7524,""origin"":""GYN"",""destination"":""GRU"",""departure"":""2027-02-25T19:20:00"",""arrival"":""2027-02-25T21:15:00""},{""airline"":""AR"",""flightNumber"":1241,""origin"":""GRU"",""destination"":""AEP"",""departure"":""2027-02-26T07:00:00"",""arrival"":""2027-02-26T10:00:00""}]}}"
2026-09-01T00:40:13.776Z,aerolineas,bue-gyn,EZE,GYN,2027-02-16,2027-02-26,3502,BRL,"{""out"":{""stops"":1,""totalDurationMin"":895,""segments"":[{""airline"":""AR"",""flightNumber"":1240,""origin"":""AEP"",""destination"":""GRU"",""departure"":""2027-02-16T20:00:00"",""arrival"":""2027-02-16T22:45:00""},{""airline"":""G3"",""flightNumber"":7546,""origin"":""GRU"",""destination"":""GYN"",""departure"":""2027-02-17T09:15:00"",""arrival"":""2027-02-17T10:55:00""}]},""in"":{""stops"":1,""totalDurationMin"":490,""segments"":[{""airline"":""G3"",""flightNumber"":2065,""origin"":""GYN"",""destination"":""GIG"",""departure"":""2027-02-26T05:10:00"",""arrival"":""2027-02-26T06:50:00""},{""airline"":""AR"",""flightNumber"":1261,""origin"":""GIG"",""destination"":""AEP"",""departure"":""2027-02-26T09:55:00"",""arrival"":""2027-02-26T13:20:00""}]}}"
2026-09-01T00:40:13.776Z,aerolineas,bue-gyn,EZE,GYN,2027-02-17,2027-02-27,3652,BRL,"{""out"":{""stops"":1,""totalDurationMin"":895,""segments"":[{""airline"":""AR"",""flightNumber"":1240,""origin"":""AEP"",""destination"":""GRU"",""departure"":""2027-02-17T20:00:00"",""arrival"":""2027-02-17T22:45:00""},{""airline"":""G3"",""flightNumber"":7546,""origin"":""GRU"",""destination"":""GYN"",""departure"":""2027-02-18T09:15:00"",""arrival"":""2027-02-18T10:55:00""}]},""in"":{""stops"":1,""totalDurationMin"":460,""segments"":[{""airline"":""G3"",""flightNumber"":7679,""origin"":""GYN"",""destination"":""GRU"",""departure"":""2027-02-27T06:00:00"",""arrival"":""2027-02-27T07:40:00""},{""airline"":""AR"",""flightNumber"":1243,""origin"":""GRU"",""destination"":""AEP"",""departure"":""2027-02-27T10:40:00"",""arrival"":""2027-02-27T13:40:00""}]}}"
2026-09-01T00:40:13.776Z,aerolineas,bue-gyn,EZE,GYN,2027-02-18,2027-02-28,3663,BRL,"{""out"":{""stops"":1,""totalDurationMin"":895,""segments"":[{""airline"":""AR"",""flightNumber"":1240,""origin"":""AEP"",""destination"":""GRU"",""departure"":""2027-02-18T20:00:00"",""arrival"":""2027-02-18T22:45:00""},{""airline"":""G3"",""flightNumber"":7546,""origin"":""GRU"",""destination"":""GYN"",""departure"":""2027-02-19T09:15:00"",""arrival"":""2027-02-19T10:55:00""}]},""in"":{""stops"":1,""totalDurationMin"":585,""segments"":[{""airline"":""LA"",""flightNumber"":8074,""origin"":""GYN"",""destination"":""GRU"",""departure"":""2027-02-28T13:55:00"",""arrival"":""2027-02-28T15:40:00""},{""airline"":""AR"",""flightNumber"":1251,""origin"":""GRU"",""destination"":""AEP"",""departure"":""2027-02-28T20:40:00"",""arrival"":""2027-02-28T23:40:00""}]}}"
2026-09-01T00:40:13.776Z,aerolineas,bue-gyn,EZE,GYN,2027-02-19,2027-03-01,3312,BRL,"{""out"":{""stops"":1,""totalDurationMin"":400,""segments"":[{""airline"":""AR"",""flightNumber"":1250,""origin"":""AEP"",""destination"":""GRU"",""departure"":""2027-02-19T16:40:00"",""arrival"":""2027-02-19T19:25:00""},{""airline"":""G3"",""flightNumber"":7630,""origin"":""GRU"",""destination"":""GYN"",""departure"":""2027-02-19T21:40:00"",""arrival"":""2027-02-19T23:20:00""}]},""in"":{""stops"":1,""totalDurationMin"":650,""segments"":[{""airline"":""G3"",""flightNumber"":2063,""origin"":""GYN"",""destination"":""GIG"",""departure"":""2027-03-01T17:40:00"",""arrival"":""2027-03-01T19:20:00""},{""airline"":""AR"",""flightNumber"":1271,""origin"":""GIG"",""destination"":""AEP"",""departure"":""2027-03-02T01:05:00"",""arrival"":""2027-03-02T04:30:00""}]}}"
2026-09-01T00:40:13.776Z,aerolineas,bue-gyn,EZE,GYN,2027-02-20,2027-03-02,3312,BRL,"{""out"":{""stops"":1,""totalDurationMin"":890,""segments"":[{""airline"":""AR"",""flightNumber"":1240,""origin"":""AEP"",""destination"":""GRU"",""departure"":""2027-02-20T20:00:00"",""arrival"":""2027-02-20T22:45:00""},{""airline"":""G3"",""flightNumber"":7546,""origin"":""GRU"",""destination"":""GYN"",""departure"":""2027-02-21T09:15:00"",""arrival"":""2027-02-21T10:50:00""}]},""in"":{""stops"":1,""totalDurationMin"":420,""segments"":[{""airline"":""G3"",""flightNumber"":2063,""origin"":""GYN"",""destination"":""GIG"",""departure"":""2027-03-02T17:40:00"",""arrival"":""2027-03-02T19:20:00""},{""airline"":""AR"",""flightNumber"":1269,""origin"":""GIG"",""destination"":""AEP"",""departure"":""2027-03-02T21:15:00"",""arrival"":""2027-03-03T00:40:00""}]}}"
2026-09-01T00:40:13.776Z,aerolineas,bue-gyn,EZE,GYN,2027-02-21,2027-03-03,3241,BRL,"{""out"":{""stops"":1,""totalDurationMin"":590,""segments"":[{""airline"":""AR"",""flightNumber"":1246,""origin"":""AEP"",""destination"":""GRU"",""departure"":""2027-02-21T13:45:00"",""arrival"":""2027-02-21T16:30:00""},{""airline"":""G3"",""flightNumber"":7630,""origin"":""GRU"",""destination"":""GYN"",""departure"":""2027-02-21T21:55:00"",""arrival"":""2027-02-21T23:35:00""}]},""in"":{""stops"":1,""totalDurationMin"":510,""segments"":[{""airline"":""G3"",""flightNumber"":2065,""origin"":""GYN"",""destination"":""GIG"",""departure"":""2027-03-03T05:10:00"",""arrival"":""2027-03-03T06:50:00""},{""airline"":""AR"",""flightNumber"":1261,""origin"":""GIG"",""destination"":""AEP"",""departure"":""2027-03-03T10:15:00"",""arrival"":""2027-03-03T13:40:00""}]}}"
2026-09-01T00:40:13.776Z,aerolineas,bue-gyn,EZE,GYN,2027-02-22,2027-03-04,3241,BRL,"{""out"":{""stops"":1,""totalDurationMin"":740,""segments"":[{""airline"":""AR"",""flightNumber"":1242,""origin"":""AEP"",""destination"":""GRU"",""departure"":""2027-02-22T06:20:00"",""arrival"":""2027-02-22T09:05:00""},{""airline"":""G3"",""flightNumber"":7510,""origin"":""GRU"",""destination"":""GYN"",""departure"":""2027-02-22T17:00:00"",""arrival"":""2027-02-22T18:40:00""}]},""in"":{""stops"":1,""totalDurationMin"":490,""segments"":[{""airline"":""G3"",""flightNumber"":2065,""origin"":""GYN"",""destination"":""GIG"",""departure"":""2027-03-04T05:10:00"",""arrival"":""2027-03-04T06:50:00""},{""airline"":""AR"",""flightNumber"":1261,""origin"":""GIG"",""destination"":""AEP"",""departure"":""2027-03-04T09:55:00"",""arrival"":""2027-03-04T13:20:00""}]}}"
2026-09-01T00:40:13.776Z,aerolineas,bue-gyn,EZE,GYN,2027-02-23,2027-03-05,3246,BRL,"{""out"":{""stops"":1,""totalDurationMin"":995,""segments"":[{""airline"":""AR"",""flightNumber"":1268,""origin"":""AEP"",""destination"":""GIG"",""departure"":""2027-02-23T17:30:00"",""arrival"":""2027-02-23T20:25:00""},{""airline"":""G3"",""flightNumber"":2060,""origin"":""GIG"",""destination"":""GYN"",""departure"":""2027-02-24T08:25:00"",""arrival"":""2027-02-24T10:05:00""}]},""in"":{""stops"":1,""totalDurationMin"":460,""segments"":[{""airline"":""G3"",""flightNumber"":1495,""origin"":""GYN"",""destination"":""GRU"",""departure"":""2027-03-05T06:00:00"",""arrival"":""2027-03-05T07:50:00""},{""airline"":""AR"",""flightNumber"":1243,""origin"":""GRU"",""destination"":""AEP"",""departure"":""2027-03-05T10:40:00"",""arrival"":""2027-03-05T13:40:00""}]}}"
2026-09-01T00:40:13.776Z,aerolineas,bue-gyn,EZE,GYN,2027-02-24,2027-03-06,3241,BRL,"{""out"":{""stops"":1,""totalDurationMin"":705,""segments"":[{""airline"":""AR"",""flightNumber"":1242,""origin"":""AEP"",""destination"":""GRU"",""departure"":""2027-02-24T06:55:00"",""arrival"":""2027-02-24T09:40:00""},{""airline"":""G3"",""flightNumber"":7510,""origin"":""GRU"",""destination"":""GYN"",""departure"":""2027-02-24T17:00:00"",""arrival"":""2027-02-24T18:40:00""}]},""in"":{""stops"":1,""totalDurationMin"":490,""segments"":[{""airline"":""G3"",""flightNumber"":2065,""origin"":""GYN"",""destination"":""GIG"",""departure"":""2027-03-06T05:10:00"",""arrival"":""2027-03-06T06:50:00""},{""airline"":""AR"",""flightNumber"":1261,""origin"":""GIG"",""destination"":""AEP"",""departure"":""2027-03-06T09:55:00"",""arrival"":""2027-03-06T13:20:00""}]}}"
2026-09-01T00:40:13.776Z,aerolineas,bue-gyn,EZE,GYN,2027-02-25,2027-03-07,3241,BRL,"{""out"":{""stops"":1,""totalDurationMin"":575,""segments"":[{""airline"":""AR"",""flightNumber"":1246,""origin"":""AEP"",""destination"":""GRU"",""departure"":""2027-02-25T13:45:00"",""arrival"":""2027-02-25T16:30:00""},{""airline"":""G3"",""flightNumber"":7630,""origin"":""GRU"",""destination"":""GYN"",""departure"":""2027-02-25T21:40:00"",""arrival"":""2027-02-25T23:20:00""}]},""in"":{""stops"":1,""totalDurationMin"":650,""segments"":[{""airline"":""G3"",""flightNumber"":2063,""origin"":""GYN"",""destination"":""GIG"",""departure"":""2027-03-07T17:40:00"",""arrival"":""2027-03-07T19:20:00""},{""airline"":""AR"",""flightNumber"":1271,""origin"":""GIG"",""destination"":""AEP"",""departure"":""2027-03-08T01:05:00"",""arrival"":""2027-03-08T04:30:00""}]}}"
2026-09-01T00:40:13.776Z,aerolineas,bue-gyn,EZE,GYN,2027-02-26,2027-03-08,3241,BRL,"{""out"":{""stops"":1,""totalDurationMin"":995,""segments"":[{""airline"":""AR"",""flightNumber"":1268,""origin"":""AEP"",""destination"":""GIG"",""departure"":""2027-02-26T17:30:00"",""arrival"":""2027-02-26T20:25:00""},{""airline"":""G3"",""flightNumber"":2060,""origin"":""GIG"",""destination"":""GYN"",""departure"":""2027-02-27T08:25:00"",""arrival"":""2027-02-27T10:05:00""}]},""in"":{""stops"":1,""totalDurationMin"":650,""segments"":[{""airline"":""G3"",""flightNumber"":2063,""origin"":""GYN"",""destination"":""GIG"",""departure"":""2027-03-08T17:40:00"",""arrival"":""2027-03-08T19:20:00""},{""airline"":""AR"",""flightNumber"":1271,""origin"":""GIG"",""destination"":""AEP"",""departure"":""2027-03-09T01:05:00"",""arrival"":""2027-03-09T04:30:00""}]}}"
2026-09-01T00:40:13.776Z,aerolineas,bue-gyn,EZE,GYN,2027-02-27,2027-03-09,3647,BRL,"{""out"":{""stops"":1,""totalDurationMin"":995,""segments"":[{""airline"":""AR"",""flightNumber"":1268,""origin"":""AEP"",""destination"":""GIG"",""departure"":""2027-02-27T17:30:00"",""arrival"":""2027-02-27T20:25:00""},{""airline"":""G3"",""flightNumber"":2060,""origin"":""GIG"",""destination"":""GYN"",""departure"":""2027-02-28T08:25:00"",""arrival"":""2027-02-28T10:05:00""}]},""in"":{""stops"":1,""totalDurationMin"":395,""segments"":[{""airline"":""LA"",""flightNumber"":3267,""origin"":""GYN"",""destination"":""GRU"",""departure"":""2027-03-09T13:55:00"",""arrival"":""2027-03-09T15:40:00""},{""airline"":""AR"",""flightNumber"":1247,""origin"":""GRU"",""destination"":""AEP"",""departure"":""2027-03-09T17:30:00"",""arrival"":""2027-03-09T20:30:00""}]}}"
2026-09-01T00:40:13.776Z,aerolineas,bue-gyn,EZE,GYN,2027-02-28,2027-03-10,3241,BRL,"{""out"":{""stops"":1,""totalDurationMin"":590,""segments"":[{""airline"":""AR"",""flightNumber"":1246,""origin"":""AEP"",""destination"":""GRU"",""departure"":""2027-02-28T13:45:00"",""arrival"":""2027-02-28T16:30:00""},{""airline"":""G3"",""flightNumber"":7630,""origin"":""GRU"",""destination"":""GYN"",""departure"":""2027-02-28T21:55:00"",""arrival"":""2027-02-28T23:35:00""}]},""in"":{""stops"":1,""totalDurationMin"":650,""segments"":[{""airline"":""G3"",""flightNumber"":2063,""origin"":""GYN"",""destination"":""GIG"",""departure"":""2027-03-10T17:40:00"",""arrival"":""2027-03-10T19:20:00""},{""airline"":""AR"",""flightNumber"":1271,""origin"":""GIG"",""destination"":""AEP"",""departure"":""2027-03-11T01:05:00"",""arrival"":""2027-03-11T04:30:00""}]}}"
2026-09-01T00:41:11.527Z,aerolineas,bue-bsb,EZE,BSB,2027-01-01,2027-01-11,3870,BRL,"{""out"":{""stops"":1,""totalDurationMin"":700,""segments"":[{""airline"":""AR"",""flightNumber"":1240,""origin"":""AEP"",""destination"":""GRU"",""departure"":""2027-01-01T20:00:00"",""arrival"":""2027-01-01T22:45:00""},{""airline"":""G3"",""flightNumber"":7454,""origin"":""GRU"",""destination"":""BSB"",""departure"":""2027-01-02T06:00:00"",""arrival"":""2027-01-02T07:40:00""}]},""in"":{""stops"":1,""totalDurationMin"":745,""segments"":[{""airline"":""G3"",""flightNumber"":7459,""origin"":""BSB"",""destination"":""GRU"",""departure"":""2027-01-11T21:35:00"",""arrival"":""2027-01-11T23:15:00""},{""airline"":""AR"",""flightNumber"":1241,""origin"":""GRU"",""destination"":""AEP"",""departure"":""2027-01-12T07:00:00"",""arrival"":""2027-01-12T10:00:00""}]}}"
2026-09-01T00:41:11.527Z,aerolineas,bue-bsb,EZE,BSB,2027-01-02,2027-01-12,4682,BRL,"{""out"":{""stops"":1,""totalDurationMin"":590,""segments"":[{""airline"":""AR"",""flightNumber"":1246,""origin"":""AEP"",""destination"":""GRU"",""departure"":""2027-01-02T13:45:00"",""arrival"":""2027-01-02T16:30:00""},{""airline"":""G3"",""flightNumber"":7506,""origin"":""GRU"",""destination"":""BSB"",""departure"":""2027-01-02T21:55:00"",""arrival"":""2027-01-02T23:35:00""}]},""in"":{""stops"":1,""totalDurationMin"":780,""segments"":[{""airline"":""G3"",""flightNumber"":7459,""origin"":""BSB"",""destination"":""GRU"",""departure"":""2027-01-12T21:00:00"",""arrival"":""2027-01-12T22:40:00""},{""airline"":""AR"",""flightNumber"":1241,""origin"":""GRU"",""destination"":""AEP"",""departure"":""2027-01-13T07:00:00"",""arrival"":""2027-01-13T10:00:00""}]}}"
2026-09-01T00:41:11.527Z,aerolineas,bue-bsb,EZE,BSB,2027-01-03,2027-01-13,4682,BRL,"{""out"":{""stops"":1,""totalDurationMin"":590,""segments"":[{""airline"":""AR"",""flightNumber"":1246,""origin"":""AEP"",""destination"":""GRU"",""departure"":""2027-01-03T13:45:00"",""arrival"":""2027-01-03T16:30:00""},{""airline"":""G3"",""flightNumber"":7506,""origin"":""GRU"",""destination"":""BSB"",""departure"":""2027-01-03T21:55:00"",""arrival"":""2027-01-03T23:35:00""}]},""in"":{""stops"":1,""totalDurationMin"":745,""segments"":[{""airline"":""G3"",""flightNumber"":7459,""origin"":""BSB"",""destination"":""GRU"",""departure"":""2027-01-13T21:35:00"",""arrival"":""2027-01-13T23:15:00""},{""airline"":""AR"",""flightNumber"":1241,""origin"":""GRU"",""destination"":""AEP"",""departure"":""2027-01-14T07:00:00"",""arrival"":""2027-01-14T10:00:00""}]}}"
2026-09-01T00:41:11.527Z,aerolineas,bue-bsb,EZE,BSB,2027-01-04,2027-01-14,4543,BRL,"{""out"":{""stops"":1,""totalDurationMin"":710,""segments"":[{""airline"":""AR"",""flightNumber"":1242,""origin"":""AEP"",""destination"":""GRU"",""departure"":""2027-01-04T06:20:00"",""arrival"":""2027-01-04T09:05:00""},{""airline"":""G3"",""flightNumber"":7642,""origin"":""GRU"",""destination"":""BSB"",""departure"":""2027-01-04T16:25:00"",""arrival"":""2027-01-04T18:10:00""}]},""in"":{""stops"":1,""totalDurationMin"":780,""segments"":[{""airline"":""G3"",""flightNumber"":7459,""origin"":""BSB"",""destination"":""GRU"",""departure"":""2027-01-14T21:00:00"",""arrival"":""2027-01-14T22:40:00""},{""airline"":""AR"",""flightNumber"":1241,""origin"":""GRU"",""destination"":""AEP"",""departure"":""2027-01-15T07:00:00"",""arrival"":""2027-01-15T10:00:00""}]}}"
2026-09-01T00:41:11.527Z,aerolineas,bue-bsb,EZE,BSB,2027-01-05,2027-01-15,3870,BRL,"{""out"":{""stops"":1,""totalDurationMin"":705,""segments"":[{""airline"":""AR"",""flightNumber"":1240,""origin"":""AEP"",""destination"":""GRU"",""departure"":""2027-01-05T20:00:00"",""arrival"":""2027-01-05T22:45:00""},{""airline"":""G3"",""flightNumber"":7454,""origin"":""GRU"",""destination"":""BSB"",""departure"":""2027-01-06T06:00:00"",""arrival"":""2027-01-06T07:45:00""}]},""in"":{""stops"":1,""totalDurationMin"":640,""segments"":[{""airline"":""G3"",""flightNumber"":7455,""origin"":""BSB"",""destination"":""GRU"",""departure"":""2027-01-15T05:40:00"",""arrival"":""2027-01-15T07:20:00""},{""airline"":""AR"",""flightNumber"":1245,""origin"":""GRU"",""destination"":""AEP"",""departure"":""2027-01-15T13:20:00"",""arrival"":""2027-01-15T16:20:00""}]}}"
2026-09-01T00:41:11.527Z,aerolineas,bue-bsb,EZE,BSB,2027-01-06,2027-01-16,3836,BRL,"{""out"":{""stops"":1,""totalDurationMin"":405,""segments"":[{""airline"":""AR"",""flightNumber"":1250,""origin"":""AEP"",""destination"":""GRU"",""departure"":""2027-01-06T16:40:00"",""arrival"":""2027-01-06T19:25:00""},{""airline"":""G3"",""flightNumber"":7506,""origin"":""GRU"",""destination"":""BSB"",""departure"":""2027-01-06T21:40:00"",""arrival"":""2027-01-06T23:25:00""}]},""in"":{""stops"":1,""totalDurationMin"":780,""segments"":[{""airline"":""G3"",""flightNumber"":7459,""origin"":""BSB"",""destination"":""GRU"",""departure"":""2027-01-16T21:00:00"",""arrival"":""2027-01-16T22:45:00""},{""airline"":""AR"",""flightNumber"":1241,""origin"":""GRU"",""destination"":""AEP"",""departure"":""2027-01-17T07:00:00"",""arrival"":""2027-01-17T10:00:00""}]}}"
2026-09-01T00:41:11.527Z,aerolineas,bue-bsb,EZE,BSB,2027-01-07,2027-01-17,3888,BRL,"{""out"":{""stops"":1,""totalDurationMin"":380,""segments"":[{""airline"":""AR"",""flightNumber"":1246,""origin"":""AEP"",""destination"":""GRU"",""departure"":""2027-01-07T13:45:00"",""arrival"":""2027-01-07T16:30:00""},{""airline"":""G3"",""flightNumber"":7503,""origin"":""GRU"",""destination"":""BSB"",""departure"":""2027-01-07T18:25:00"",""arrival"":""2027-01-07T20:05:00""}]},""in"":{""stops"":1,""totalDurationMin"":655,""segments"":[{""airline"":""G3"",""flightNumber"":7659,""origin"":""BSB"",""destination"":""CWB"",""departure"":""2027-01-17T09:05:00"",""arrival"":""2027-01-17T11:05:00""},{""airline"":""AR"",""flightNumber"":1229,""origin"":""CWB"",""destination"":""AEP"",""departure"":""2027-01-17T17:30:00"",""arrival"":""2027-01-17T20:00:00""}]}}"
2026-09-01T00:41:11.527Z,aerolineas,bue-bsb,EZE,BSB,2027-01-08,2027-01-18,3731,BRL,"{""out"":{""stops"":1,""totalDurationMin"":700,""segments"":[{""airline"":""AR"",""flightNumber"":1240,""origin"":""AEP"",""destination"":""GRU"",""departure"":""2027-01-08T20:00:00"",""arrival"":""2027-01-08T22:45:00""},{""airline"":""G3"",""flightNumber"":7454,""origin"":""GRU"",""destination"":""BSB"",""departure"":""2027-01-09T06:00:00"",""arrival"":""2027-01-09T07:40:00""}]},""in"":{""stops"":1,""totalDurationMin"":900,""segments"":[{""airline"":""G3"",""flightNumber"":7401,""origin"":""BSB"",""destination"":""GRU"",""departure"":""2027-01-18T19:00:00"",""arrival"":""2027-01-18T20:55:00""},{""airline"":""AR"",""flightNumber"":1241,""origin"":""GRU"",""destination"":""AEP"",""departure"":""2027-01-19T07:00:00"",""arrival"":""2027-01-19T10:00:00""}]}}"
2026-09-01T00:41:11.527Z,aerolineas,bue-bsb,EZE,BSB,2027-01-09,2027-01-19,3870,BRL,"{""out"":{""stops"":1,""totalDurationMin"":715,""segments"":[{""airline"":""AR"",""flightNumber"":1242,""origin"":""AEP"",""destination"":""GRU"",""departure"":""2027-01-09T06:20:00"",""arrival"":""2027-01-09T09:05:00""},{""airline"":""G3"",""flightNumber"":7642,""origin"":""GRU"",""destination"":""BSB"",""departure"":""2027-01-09T16:35:00"",""arrival"":""2027-01-09T18:15:00""}]},""in"":{""stops"":1,""totalDurationMin"":710,""segments"":[{""airline"":""G3"",""flightNumber"":7501,""origin"":""BSB"",""destination"":""GRU"",""departure"":""2027-01-19T08:40:00"",""arrival"":""2027-01-19T10:40:00""},{""airline"":""AR"",""flightNumber"":1247,""origin"":""GRU"",""destination"":""AEP"",""departure"":""2027-01-19T17:30:00"",""arrival"":""2027-01-19T20:30:00""}]}}"
2026-09-01T00:41:11.527Z,aerolineas,bue-bsb,EZE,BSB,2027-01-10,2027-01-20,4148,BRL,"{""out"":{""stops"":1,""totalDurationMin"":590,""segments"":[{""airline"":""AR"",""flightNumber"":1246,""origin"":""AEP"",""destination"":""GRU"",""departure"":""2027-01-10T13:45:00"",""arrival"":""2027-01-10T16:30:00""},{""airline"":""G3"",""flightNumber"":7506,""origin"":""GRU"",""destination"":""BSB"",""departure"":""2027-01-10T21:55:00"",""arrival"":""2027-01-10T23:35:00""}]},""in"":{""stops"":1,""totalDurationMin"":390,""segments"":[{""airline"":""LA"",""flightNumber"":8032,""origin"":""BSB"",""destination"":""GRU"",""departure"":""2027-01-20T17:10:00"",""arrival"":""2027-01-20T19:00:00""},{""airline"":""AR"",""flightNumber"":1251,""origin"":""GRU"",""destination"":""AEP"",""departure"":""2027-01-20T20:40:00"",""arrival"":""2027-01-20T23:40:00""}]}}"
2026-09-01T00:41:11.527Z,aerolineas,bue-bsb,EZE,BSB,2027-01-11,2027-01-21,3870,BRL,"{""out"":{""stops"":1,""totalDurationMin"":405,""segments"":[{""airline"":""AR"",""flightNumber"":1250,""origin"":""AEP"",""destination"":""GRU"",""departure"":""2027-01-11T16:40:00"",""arrival"":""2027-01-11T19:25:00""},{""airline"":""G3"",""flightNumber"":7506,""origin"":""GRU"",""destination"":""BSB"",""departure"":""2027-01-11T21:40:00"",""arrival"":""2027-01-11T23:25:00""}]},""in"":{""stops"":1,""totalDurationMin"":710,""segments"":[{""airline"":""G3"",""flightNumber"":7501,""origin"":""BSB"",""destination"":""GRU"",""departure"":""2027-01-21T08:40:00"",""arrival"":""2027-01-21T10:40:00""},{""airline"":""AR"",""flightNumber"":1247,""origin"":""GRU"",""destination"":""AEP"",""departure"":""2027-01-21T17:30:00"",""arrival"":""2027-01-21T20:30:00""}]}}"
2026-09-01T00:41:11.527Z,aerolineas,bue-bsb,EZE,BSB,2027-01-12,2027-01-22,3870,BRL,"{""out"":{""stops"":1,""totalDurationMin"":705,""segments"":[{""airline"":""AR"",""flightNumber"":1240,""origin"":""AEP"",""destination"":""GRU"",""departure"":""2027-01-12T20:00:00"",""arrival"":""2027-01-12T22:45:00""},{""airline"":""G3"",""flightNumber"":7454,""origin"":""GRU"",""destination"":""BSB"",""departure"":""2027-01-13T06:00:00"",""arrival"":""2027-01-13T07:45:00""}]},""in"":{""stops"":1,""totalDurationMin"":640,""segments"":[{""airline"":""G3"",""flightNumber"":7455,""origin"":""BSB"",""destination"":""GRU"",""departure"":""2027-01-22T05:40:00"",""arrival"":""2027-01-22T07:20:00""},{""airline"":""AR"",""flightNumber"":1245,""origin"":""GRU"",""destination"":""AEP"",""departure"":""2027-01-22T13:20:00"",""arrival"":""2027-01-22T16:20:00""}]}}"
2026-09-01T00:41:11.527Z,aerolineas,bue-bsb,EZE,BSB,2027-01-13,2027-01-23,3738,BRL,"{""out"":{""stops"":1,""totalDurationMin"":810,""segments"":[{""airline"":""AR"",""flightNumber"":1226,""origin"":""AEP"",""destination"":""CWB"",""departure"":""2027-01-13T05:50:00"",""arrival"":""2027-01-13T08:00:00""},{""airline"":""G3"",""flightNumber"":7658,""origin"":""CWB"",""destination"":""BSB"",""departure"":""2027-01-13T17:20:00"",""arrival"":""2027-01-13T19:20:00""}]},""in"":{""stops"":1,""totalDurationMin"":475,""segments"":[{""airline"":""G3"",""flightNumber"":7455,""origin"":""BSB"",""destination"":""GRU"",""departure"":""2027-01-23T05:45:00"",""arrival"":""2027-01-23T07:35:00""},{""airline"":""AR"",""flightNumber"":1243,""origin"":""GRU"",""destination"":""AEP"",""departure"":""2027-01-23T10:40:00"",""arrival"":""2027-01-23T13:40:00""}]}}"
2026-09-01T00:41:11.527Z,aerolineas,bue-bsb,EZE,BSB,2027-01-14,2027-01-24,3870,BRL,"{""out"":{""stops"":1,""totalDurationMin"":380,""segments"":[{""airline"":""AR"",""flightNumber"":1246,""origin"":""AEP"",""destination"":""GRU"",""departure"":""2027-01-14T13:45:00"",""arrival"":""2027-01-14T16:30:00""},{""airline"":""G3"",""flightNumber"":7503,""origin"":""GRU"",""destination"":""BSB"",""departure"":""2027-01-14T18:25:00"",""arrival"":""2027-01-14T20:05:00""}]},""in"":{""stops"":1,""totalDurationMin"":575,""segments"":[{""airline"":""G3"",""flightNumber"":7455,""origin"":""BSB"",""destination"":""GRU"",""departure"":""2027-01-24T06:05:00"",""arrival"":""2027-01-24T07:55:00""},{""airline"":""AR"",""flightNumber"":1245,""origin"":""GRU"",""destination"":""AEP"",""departure"":""2027-01-24T12:40:00"",""arrival"":""2027-01-24T15:40:00""}]}}"
2026-09-01T00:41:11.527Z,aerolineas,bue-bsb,EZE,BSB,2027-01-15,2027-01-25,3738,BRL,"{""out"":{""stops"":1,""totalDurationMin"":830,""segments"":[{""airline"":""AR"",""flightNumber"":1226,""origin"":""AEP"",""destination"":""CWB"",""departure"":""2027-01-15T05:30:00"",""arrival"":""2027-01-15T07:40:00""},{""airline"":""G3"",""flightNumber"":7658,""origin"":""CWB"",""destination"":""BSB"",""departure"":""2027-01-15T17:20:00"",""arrival"":""2027-01-15T19:20:00""}]},""in"":{""stops"":1,""totalDurationMin"":900,""segments"":[{""airline"":""G3"",""flightNumber"":7401,""origin"":""BSB"",""destination"":""GRU"",""departure"":""2027-01-25T19:00:00"",""arrival"":""2027-01-25T20:55:00""},{""airline"":""AR"",""flightNumber"":1241,""origin"":""GRU"",""destination"":""AEP"",""departure"":""2027-01-26T07:00:00"",""arrival"":""2027-01-26T10:00:00""}]}}"
2026-09-01T00:41:11.527Z,aerolineas,bue-bsb,EZE,BSB,2027-01-16,2027-01-26,3870,BRL,"{""out"":{""stops"":1,""totalDurationMin"":825,""segments"":[{""airline"":""AR"",""flightNumber"":1242,""origin"":""AEP"",""destination"":""GRU"",""departure"":""2027-01-16T06:20:00"",""arrival"":""2027-01-16T09:05:00""},{""airline"":""G3"",""flightNumber"":7503,""origin"":""GRU"",""destination"":""BSB"",""departure"":""2027-01-16T18:25:00"",""arrival"":""2027-01-16T20:05:00""}]},""in"":{""stops"":1,""totalDurationMin"":710,""segments"":[{""airline"":""G3"",""flightNumber"":7501,""origin"":""BSB"",""destination"":""GRU"",""departure"":""2027-01-26T08:40:00"",""arrival"":""2027-01-26T10:40:00""},{""airline"":""AR"",""flightNumber"":1247,""origin"":""GRU"",""destination"":""AEP"",""departure"":""2027-01-26T17:30:00"",""arrival"":""2027-01-26T20:30:00""}]}}"
2026-09-01T00:41:11.527Z,aerolineas,bue-bsb,EZE,BSB,2027-01-17,2027-01-27,4293,BRL,"{""out"":{""stops"":1,""totalDurationMin"":590,""segments"":[{""airline"":""AR"",""flightNumber"":1246,""origin"":""AEP"",""destination"":""GRU"",""departure"":""2027-01-17T13:45:00"",""arrival"":""2027-01-17T16:30:00""},{""airline"":""G3"",""flightNumber"":7506,""origin"":""GRU"",""destination"":""BSB"",""departure"":""2027-01-17T21:55:00"",""arrival"":""2027-01-17T23:35:00""}]},""in"":{""stops"":1,""totalDurationMin"":390,""segments"":[{""airline"":""LA"",""flightNumber"":8032,""origin"":""BSB"",""destination"":""GRU"",""departure"":""2027-01-27T17:10:00"",""arrival"":""2027-01-27T19:00:00""},{""airline"":""AR"",""flightNumber"":1251,""origin"":""GRU"",""destination"":""AEP"",""departure"":""2027-01-27T20:40:00"",""arrival"":""2027-01-27T23:40:00""}]}}"
2026-09-01T00:41:11.527Z,aerolineas,bue-bsb,EZE,BSB,2027-01-18,2027-01-28,3883,BRL,"{""out"":{""stops"":1,""totalDurationMin"":820,""segments"":[{""airline"":""AR"",""flightNumber"":1226,""origin"":""AEP"",""destination"":""CWB"",""departure"":""2027-01-18T05:40:00"",""arrival"":""2027-01-18T07:50:00""},{""airline"":""G3"",""flightNumber"":7658,""origin"":""CWB"",""destination"":""BSB"",""departure"":""2027-01-18T17:20:00"",""arrival"":""2027-01-18T19:20:00""}]},""in"":{""stops"":1,""totalDurationMin"":480,""segments"":[{""airline"":""G3"",""flightNumber"":7455,""origin"":""BSB"",""destination"":""GRU"",""departure"":""2027-01-28T05:40:00"",""arrival"":""2027-01-28T07:20:00""},{""airline"":""AR"",""flightNumber"":1243,""origin"":""GRU"",""destination"":""AEP"",""departure"":""2027-01-28T10:40:00"",""arrival"":""2027-01-28T13:40:00""}]}}"
2026-09-01T00:41:11.527Z,aerolineas,bue-bsb,EZE,BSB,2027-01-19,2027-01-29,3870,BRL,"{""out"":{""stops"":1,""totalDurationMin"":380,""segments"":[{""airline"":""AR"",""flightNumber"":1246,""origin"":""AEP"",""destination"":""GRU"",""departure"":""2027-01-19T13:45:00"",""arrival"":""2027-01-19T16:30:00""},{""airline"":""G3"",""flightNumber"":7503,""origin"":""GRU"",""destination"":""BSB"",""departure"":""2027-01-19T18:25:00"",""arrival"":""2027-01-19T20:05:00""}]},""in"":{""stops"":1,""totalDurationMin"":745,""segments"":[{""airline"":""G3"",""flightNumber"":7459,""origin"":""BSB"",""destination"":""GRU"",""departure"":""2027-01-29T21:35:00"",""arrival"":""2027-01-29T23:15:00""},{""airline"":""AR"",""flightNumber"":1241,""origin"":""GRU"",""destination"":""AEP"",""departure"":""2027-01-30T07:00:00"",""arrival"":""2027-01-30T10:00:00""}]}}"
2026-09-01T00:41:11.527Z,aerolineas,bue-bsb,EZE,BSB,2027-01-20,2027-01-30,3870,BRL,"{""out"":{""stops"":1,""totalDurationMin"":890,""segments"":[{""airline"":""AR"",""flightNumber"":1240,""origin"":""AEP"",""destination"":""GRU"",""departure"":""2027-01-20T20:00:00"",""arrival"":""2027-01-20T22:45:00""},{""airline"":""G3"",""flightNumber"":7426,""origin"":""GRU"",""destination"":""BSB"",""departure"":""2027-01-21T09:05:00"",""arrival"":""2027-01-21T10:50:00""}]},""in"":{""stops"":1,""totalDurationMin"":780,""segments"":[{""airline"":""G3"",""flightNumber"":7459,""origin"":""BSB"",""destination"":""GRU"",""departure"":""2027-01-30T21:00:00"",""arrival"":""2027-01-30T22:45:00""},{""airline"":""AR"",""flightNumber"":1241,""origin"":""GRU"",""destination"":""AEP"",""departure"":""2027-01-31T07:00:00"",""arrival"":""2027-01-31T10:00:00""}]}}"
2026-09-01T00:41:11.527Z,aerolineas,bue-bsb,EZE,BSB,2027-01-21,2027-01-31,3725,BRL,"{""out"":{""stops"":1,""totalDurationMin"":405,""segments"":[{""airline"":""AR"",""flightNumber"":1250,""origin"":""AEP"",""destination"":""GRU"",""departure"":""2027-01-21T16:40:00"",""arrival"":""2027-01-21T19:25:00""},{""airline"":""G3"",""flightNumber"":7506,""origin"":""GRU"",""destination"":""BSB"",""departure"":""2027-01-21T21:40:00"",""arrival"":""2027-01-21T23:25:00""}]},""in"":{""stops"":1,""totalDurationMin"":780,""segments"":[{""airline"":""G3"",""flightNumber"":7459,""origin"":""BSB"",""destination"":""GRU"",""departure"":""2027-01-31T21:00:00"",""arrival"":""2027-01-31T22:45:00""},{""airline"":""AR"",""flightNumber"":1241,""origin"":""GRU"",""destination"":""AEP"",""departure"":""2027-02-01T07:00:00"",""arrival"":""2027-02-01T10:00:00""}]}}"
2026-09-01T00:41:11.527Z,aerolineas,bue-bsb,EZE,BSB,2027-01-22,2027-02-01,2175,BRL,precio de una sola pierna (falta la otra en el calendario)
2026-09-01T00:41:11.527Z,aerolineas,bue-bsb,EZE,BSB,2027-01-23,2027-02-02,2175,BRL,precio de una sola pierna (falta la otra en el calendario)
2026-09-01T00:41:11.527Z,aerolineas,bue-bsb,EZE,BSB,2027-01-24,2027-02-03,2030,BRL,precio de una sola pierna (falta la otra en el calendario)
2026-09-01T00:41:11.527Z,aerolineas,bue-bsb,EZE,BSB,2027-01-25,2027-02-04,2030,BRL,precio de una sola pierna (falta la otra en el calendario)
2026-09-01T00:41:11.527Z,aerolineas,bue-bsb,EZE,BSB,2027-01-26,2027-02-05,2030,BRL,precio de una sola pierna (falta la otra en el calendario)
2026-09-01T00:41:11.527Z,aerolineas,bue-bsb,EZE,BSB,2027-01-27,2027-02-06,1891,BRL,precio de una sola pierna (falta la otra en el calendario)
2026-09-01T00:41:11.527Z,aerolineas,bue-bsb,EZE,BSB,2027-01-28,2027-02-07,1891,BRL,precio de una sola pierna (falta la otra en el calendario)
2026-09-01T00:41:11.527Z,aerolineas,bue-bsb,EZE,BSB,2027-01-29,2027-02-08,2030,BRL,precio de una sola pierna (falta la otra en el calendario)
2026-09-01T00:41:11.527Z,aerolineas,bue-bsb,EZE,BSB,2027-01-30,2027-02-09,2175,BRL,precio de una sola pierna (falta la otra en el calendario)
2026-09-01T00:41:11.527Z,aerolineas,bue-bsb,EZE,BSB,2027-01-31,2027-02-10,2030,BRL,precio de una sola pierna (falta la otra en el calendario)
2026-09-01T00:42:09.016Z,aerolineas,bue-aep-gyn,AEP,GYN,2026-12-18,2026-12-28,3697,BRL,"{""out"":{""stops"":1,""totalDurationMin"":425,""segments"":[{""airline"":""AR"",""flightNumber"":1246,""origin"":""AEP"",""destination"":""GRU"",""departure"":""2026-12-18T11:55:00"",""arrival"":""2026-12-18T14:40:00""},{""airline"":""LA"",""flightNumber"":8282,""origin"":""GRU"",""destination"":""GYN"",""departure"":""2026-12-18T17:25:00"",""arrival"":""2026-12-18T19:00:00""}]},""in"":{""stops"":1,""totalDurationMin"":740,""segments"":[{""airline"":""G3"",""flightNumber"":2063,""origin"":""GYN"",""destination"":""GIG"",""departure"":""2026-12-28T17:40:00"",""arrival"":""2026-12-28T19:20:00""},{""airline"":""AR"",""flightNumber"":1271,""origin"":""GIG"",""destination"":""AEP"",""departure"":""2026-12-29T02:35:00"",""arrival"":""2026-12-29T06:00:00""}]}}"
2026-09-01T00:42:09.016Z,aerolineas,bue-aep-gyn,AEP,GYN,2026-12-19,2026-12-29,3947,BRL,"{""out"":{""stops"":1,""totalDurationMin"":785,""segments"":[{""airline"":""AR"",""flightNumber"":1240,""origin"":""AEP"",""destination"":""GRU"",""departure"":""2026-12-19T20:00:00"",""arrival"":""2026-12-19T22:45:00""},{""airline"":""LA"",""flightNumber"":8144,""origin"":""GRU"",""destination"":""GYN"",""departure"":""2026-12-20T07:30:00"",""arrival"":""2026-12-20T09:05:00""}]},""in"":{""stops"":1,""totalDurationMin"":425,""segments"":[{""airline"":""G3"",""flightNumber"":7631,""origin"":""GYN"",""destination"":""GRU"",""departure"":""2026-12-29T11:35:00"",""arrival"":""2026-12-29T13:15:00""},{""airline"":""AR"",""flightNumber"":1247,""origin"":""GRU"",""destination"":""AEP"",""departure"":""2026-12-29T15:40:00"",""arrival"":""2026-12-29T18:40:00""}]}}"
2026-09-01T00:42:09.016Z,aerolineas,bue-aep-gyn,AEP,GYN,2026-12-20,2026-12-30,3702,BRL,"{""out"":{""stops"":1,""totalDurationMin"":645,""segments"":[{""airline"":""AR"",""flightNumber"":1242,""origin"":""AEP"",""destination"":""GRU"",""departure"":""2026-12-20T06:25:00"",""arrival"":""2026-12-20T09:10:00""},{""airline"":""LA"",""flightNumber"":8148,""origin"":""GRU"",""destination"":""GYN"",""departure"":""2026-12-20T15:30:00"",""arrival"":""2026-12-20T17:10:00""}]},""in"":{""stops"":1,""totalDurationMin"":880,""segments"":[{""airline"":""G3"",""flightNumber"":7524,""origin"":""GYN"",""destination"":""GRU"",""departure"":""2026-12-30T19:20:00"",""arrival"":""2026-12-30T21:15:00""},{""airline"":""AR"",""flightNumber"":1241,""origin"":""GRU"",""destination"":""AEP"",""departure"":""2026-12-31T07:00:00"",""arrival"":""2026-12-31T10:00:00""}]}}"
2026-09-01T00:42:09.016Z,aerolineas,bue-aep-gyn,AEP,GYN,2026-12-21,2026-12-31,3663,BRL,"{""out"":{""stops"":1,""totalDurationMin"":425,""segments"":[{""airline"":""AR"",""flightNumber"":1246,""origin"":""AEP"",""destination"":""GRU"",""departure"":""2026-12-21T11:55:00"",""arrival"":""2026-12-21T14:40:00""},{""airline"":""LA"",""flightNumber"":8282,""origin"":""GRU"",""destination"":""GYN"",""departure"":""2026-12-21T17:25:00"",""arrival"":""2026-12-21T19:00:00""}]},""in"":{""stops"":1,""totalDurationMin"":705,""segments"":[{""airline"":""G3"",""flightNumber"":7631,""origin"":""GYN"",""destination"":""GRU"",""departure"":""2026-12-31T11:35:00"",""arrival"":""2026-12-31T13:15:00""},{""airline"":""AR"",""flightNumber"":1251,""origin"":""GRU"",""destination"":""AEP"",""departure"":""2026-12-31T20:20:00"",""arrival"":""2026-12-31T23:20:00""}]}}"
2026-09-01T00:42:09.016Z,aerolineas,bue-aep-gyn,AEP,GYN,2026-12-22,2027-01-01,3857,BRL,"{""out"":{""stops"":1,""totalDurationMin"":410,""segments"":[{""airline"":""AR"",""flightNumber"":1242,""origin"":""AEP"",""destination"":""GRU"",""departure"":""2026-12-22T06:25:00"",""arrival"":""2026-12-22T09:10:00""},{""airline"":""LA"",""flightNumber"":8084,""origin"":""GRU"",""destination"":""GYN"",""departure"":""2026-12-22T11:40:00"",""arrival"":""2026-12-22T13:15:00""}]},""in"":{""stops"":1,""totalDurationMin"":880,""segments"":[{""airline"":""G3"",""flightNumber"":7524,""origin"":""GYN"",""destination"":""GRU"",""departure"":""2027-01-01T19:20:00"",""arrival"":""2027-01-01T21:15:00""},{""airline"":""AR"",""flightNumber"":1241,""origin"":""GRU"",""destination"":""AEP"",""departure"":""2027-01-02T07:00:00"",""arrival"":""2027-01-02T10:00:00""}]}}"
2026-09-01T00:42:09.016Z,aerolineas,bue-aep-gyn,AEP,GYN,2026-12-23,2027-01-02,3775,BRL,"{""out"":{""stops"":1,""totalDurationMin"":735,""segments"":[{""airline"":""AR"",""flightNumber"":1242,""origin"":""AEP"",""destination"":""GRU"",""departure"":""2026-12-23T06:25:00"",""arrival"":""2026-12-23T09:10:00""},{""airline"":""G3"",""flightNumber"":7510,""origin"":""GRU"",""destination"":""GYN"",""departure"":""2026-12-23T17:00:00"",""arrival"":""2026-12-23T18:40:00""}]},""in"":{""stops"":1,""totalDurationMin"":460,""segments"":[{""airline"":""G3"",""flightNumber"":7679,""origin"":""GYN"",""destination"":""GRU"",""departure"":""2027-01-02T06:00:00"",""arrival"":""2027-01-02T07:40:00""},{""airline"":""AR"",""flightNumber"":1243,""origin"":""GRU"",""destination"":""AEP"",""departure"":""2027-01-02T10:40:00"",""arrival"":""2027-01-02T13:40:00""}]}}"
2026-09-01T00:42:09.016Z,aerolineas,bue-aep-gyn,AEP,GYN,2026-12-24,2027-01-03,3702,BRL,"{""out"":{""stops"":1,""totalDurationMin"":1035,""segments"":[{""airline"":""AR"",""flightNumber"":1240,""origin"":""AEP"",""destination"":""GRU"",""departure"":""2026-12-24T20:00:00"",""arrival"":""2026-12-24T22:45:00""},{""airline"":""LA"",""flightNumber"":8084,""origin"":""GRU"",""destination"":""GYN"",""departure"":""2026-12-25T11:40:00"",""arrival"":""2026-12-25T13:15:00""}]},""in"":{""stops"":1,""totalDurationMin"":535,""segments"":[{""airline"":""G3"",""flightNumber"":7631,""origin"":""GYN"",""destination"":""GRU"",""departure"":""2027-01-03T11:35:00"",""arrival"":""2027-01-03T13:15:00""},{""airline"":""AR"",""flightNumber"":1247,""origin"":""GRU"",""destination"":""AEP"",""departure"":""2027-01-03T17:30:00"",""arrival"":""2027-01-03T20:30:00""}]}}"
2026-09-01T00:42:09.016Z,aerolineas,bue-aep-gyn,AEP,GYN,2026-12-25,2027-01-04,3802,BRL,"{""out"":{""stops"":1,""totalDurationMin"":410,""segments"":[{""airline"":""AR"",""flightNumber"":1242,""origin"":""AEP"",""destination"":""GRU"",""departure"":""2026-12-25T06:25:00"",""arrival"":""2026-12-25T09:10:00""},{""airline"":""LA"",""flightNumber"":8084,""origin"":""GRU"",""destination"":""GYN"",""departure"":""2026-12-25T11:40:00"",""arrival"":""2026-12-25T13:15:00""}]},""in"":{""stops"":1,""totalDurationMin"":880,""segments"":[{""airline"":""G3"",""flightNumber"":1493,""origin"":""GYN"",""destination"":""GRU"",""departure"":""2027-01-04T19:20:00"",""arrival"":""2027-01-04T21:15:00""},{""airline"":""AR"",""flightNumber"":1241,""origin"":""GRU"",""destination"":""AEP"",""departure"":""2027-01-05T07:00:00"",""arrival"":""2027-01-05T10:00:00""}]}}"
2026-09-01T00:42:09.016Z,aerolineas,bue-aep-gyn,AEP,GYN,2026-12-26,2027-01-05,3869,BRL,"{""out"":{""stops"":1,""totalDurationMin"":405,""segments"":[{""airline"":""AR"",""flightNumber"":1246,""origin"":""AEP"",""destination"":""GRU"",""departure"":""2026-12-26T11:55:00"",""arrival"":""2026-12-26T14:40:00""},{""airline"":""G3"",""flightNumber"":7510,""origin"":""GRU"",""destination"":""GYN"",""departure"":""2026-12-26T17:00:00"",""arrival"":""2026-12-26T18:40:00""}]},""in"":{""stops"":1,""totalDurationMin"":880,""segments"":[{""airline"":""G3"",""flightNumber"":1493,""origin"":""GYN"",""destination"":""GRU"",""departure"":""2027-01-05T19:20:00"",""arrival"":""2027-01-05T21:15:00""},{""airline"":""AR"",""flightNumber"":1241,""origin"":""GRU"",""destination"":""AEP"",""departure"":""2027-01-06T07:00:00"",""arrival"":""2027-01-06T10:00:00""}]}}"
2026-09-01T00:42:09.016Z,aerolineas,bue-aep-gyn,AEP,GYN,2026-12-27,2027-01-06,3947,BRL,"{""out"":{""stops"":1,""totalDurationMin"":425,""segments"":[{""airline"":""AR"",""flightNumber"":1246,""origin"":""AEP"",""destination"":""GRU"",""departure"":""2026-12-27T11:55:00"",""arrival"":""2026-12-27T14:40:00""},{""airline"":""LA"",""flightNumber"":8282,""origin"":""GRU"",""destination"":""GYN"",""departure"":""2026-12-27T17:25:00"",""arrival"":""2026-12-27T19:00:00""}]},""in"":{""stops"":1,""totalDurationMin"":880,""segments"":[{""airline"":""G3"",""flightNumber"":1493,""origin"":""GYN"",""destination"":""GRU"",""departure"":""2027-01-06T19:20:00"",""arrival"":""2027-01-06T21:15:00""},{""airline"":""AR"",""flightNumber"":1241,""origin"":""GRU"",""destination"":""AEP"",""departure"":""2027-01-07T07:00:00"",""arrival"":""2027-01-07T10:00:00""}]}}"
2026-09-01T00:42:09.016Z,aerolineas,bue-aep-gyn,AEP,GYN,2026-12-28,2027-01-07,3947,BRL,"{""out"":{""stops"":1,""totalDurationMin"":400,""segments"":[{""airline"":""AR"",""flightNumber"":1250,""origin"":""AEP"",""destination"":""GRU"",""departure"":""2026-12-28T16:40:00"",""arrival"":""2026-12-28T19:25:00""},{""airline"":""G3"",""flightNumber"":7630,""origin"":""GRU"",""destination"":""GYN"",""departure"":""2026-12-28T21:40:00"",""arrival"":""2026-12-28T23:20:00""}]},""in"":{""stops"":1,""totalDurationMin"":395,""segments"":[{""airline"":""LA"",""flightNumber"":8069,""origin"":""GYN"",""destination"":""GRU"",""departure"":""2027-01-07T13:55:00"",""arrival"":""2027-01-07T15:40:00""},{""airline"":""AR"",""flightNumber"":1247,""origin"":""GRU"",""destination"":""AEP"",""departure"":""2027-01-07T17:30:00"",""arrival"":""2027-01-07T20:30:00""}]}}"
2026-09-01T00:42:09.016Z,aerolineas,bue-aep-gyn,AEP,GYN,2026-12-29,2027-01-08,4086,BRL,"{""out"":{""stops"":1,""totalDurationMin"":895,""segments"":[{""airline"":""AR"",""flightNumber"":1240,""origin"":""AEP"",""destination"":""GRU"",""departure"":""2026-12-29T20:00:00"",""arrival"":""2026-12-29T22:45:00""},{""airline"":""G3"",""flightNumber"":7546,""origin"":""GRU"",""destination"":""GYN"",""departure"":""2026-12-30T09:15:00"",""arrival"":""2026-12-30T10:55:00""}]},""in"":{""stops"":1,""totalDurationMin"":390,""segments"":[{""airline"":""LA"",""flightNumber"":8231,""origin"":""GYN"",""destination"":""GRU"",""departure"":""2027-01-08T09:50:00"",""arrival"":""2027-01-08T11:30:00""},{""airline"":""AR"",""flightNumber"":1245,""origin"":""GRU"",""destination"":""AEP"",""departure"":""2027-01-08T13:20:00"",""arrival"":""2027-01-08T16:20:00""}]}}"
2026-09-01T00:42:09.016Z,aerolineas,bue-aep-gyn,AEP,GYN,2026-12-30,2027-01-09,3808,BRL,"{""out"":{""stops"":1,""totalDurationMin"":895,""segments"":[{""airline"":""AR"",""flightNumber"":1240,""origin"":""AEP"",""destination"":""GRU"",""departure"":""2026-12-30T20:00:00"",""arrival"":""2026-12-30T22:45:00""},{""airline"":""G3"",""flightNumber"":7546,""origin"":""GRU"",""destination"":""GYN"",""departure"":""2026-12-31T09:15:00"",""arrival"":""2026-12-31T10:55:00""}]},""in"":{""stops"":1,""totalDurationMin"":535,""segments"":[{""airline"":""G3"",""flightNumber"":7631,""origin"":""GYN"",""destination"":""GRU"",""departure"":""2027-01-09T11:35:00"",""arrival"":""2027-01-09T13:15:00""},{""airline"":""AR"",""flightNumber"":1247,""origin"":""GRU"",""destination"":""AEP"",""departure"":""2027-01-09T17:30:00"",""arrival"":""2027-01-09T20:30:00""}]}}"
2026-09-01T00:42:09.016Z,aerolineas,bue-aep-gyn,AEP,GYN,2026-12-31,2027-01-10,4425,BRL,"{""out"":{""stops"":1,""totalDurationMin"":410,""segments"":[{""airline"":""AR"",""flightNumber"":1242,""origin"":""AEP"",""destination"":""GRU"",""departure"":""2026-12-31T06:25:00"",""arrival"":""2026-12-31T09:10:00""},{""airline"":""LA"",""flightNumber"":8084,""origin"":""GRU"",""destination"":""GYN"",""departure"":""2026-12-31T11:40:00"",""arrival"":""2026-12-31T13:15:00""}]},""in"":{""stops"":1,""totalDurationMin"":855,""segments"":[{""airline"":""LA"",""flightNumber"":8079,""origin"":""GYN"",""destination"":""GRU"",""departure"":""2027-01-10T19:45:00"",""arrival"":""2027-01-10T21:30:00""},{""airline"":""AR"",""flightNumber"":1241,""origin"":""GRU"",""destination"":""AEP"",""departure"":""2027-01-11T07:00:00"",""arrival"":""2027-01-11T10:00:00""}]}}"
2026-09-01T00:42:09.016Z,aerolineas,bue-aep-gyn,AEP,GYN,2027-01-01,2027-01-11,4086,BRL,"{""out"":{""stops"":1,""totalDurationMin"":415,""segments"":[{""airline"":""AR"",""flightNumber"":1242,""origin"":""AEP"",""destination"":""GRU"",""departure"":""2027-01-01T06:20:00"",""arrival"":""2027-01-01T09:05:00""},{""airline"":""LA"",""flightNumber"":8084,""origin"":""GRU"",""destination"":""GYN"",""departure"":""2027-01-01T11:40:00"",""arrival"":""2027-01-01T13:15:00""}]},""in"":{""stops"":1,""totalDurationMin"":880,""segments"":[{""airline"":""G3"",""flightNumber"":7524,""origin"":""GYN"",""destination"":""GRU"",""departure"":""2027-01-11T19:20:00"",""arrival"":""2027-01-11T21:15:00""},{""airline"":""AR"",""flightNumber"":1241,""origin"":""GRU"",""destination"":""AEP"",""departure"":""2027-01-12T07:00:00"",""arrival"":""2027-01-12T10:00:00""}]}}"
2026-09-01T00:42:09.016Z,aerolineas,bue-aep-gyn,AEP,GYN,2027-01-02,2027-01-12,4620,BRL,"{""out"":{""stops"":1,""totalDurationMin"":575,""segments"":[{""airline"":""AR"",""flightNumber"":1246,""origin"":""AEP"",""destination"":""GRU"",""departure"":""2027-01-02T13:45:00"",""arrival"":""2027-01-02T16:30:00""},{""airline"":""G3"",""flightNumber"":1494,""origin"":""GRU"",""destination"":""GYN"",""departure"":""2027-01-02T21:40:00"",""arrival"":""2027-01-02T23:20:00""}]},""in"":{""stops"":1,""totalDurationMin"":880,""segments"":[{""airline"":""G3"",""flightNumber"":1493,""origin"":""GYN"",""destination"":""GRU"",""departure"":""2027-01-12T19:20:00"",""arrival"":""2027-01-12T21:15:00""},{""airline"":""AR"",""flightNumber"":1241,""origin"":""GRU"",""destination"":""AEP"",""departure"":""2027-01-13T07:00:00"",""arrival"":""2027-01-13T10:00:00""}]}}"
2026-09-01T00:42:09.016Z,aerolineas,bue-aep-gyn,AEP,GYN,2027-01-03,2027-01-13,4620,BRL,"{""out"":{""stops"":1,""totalDurationMin"":415,""segments"":[{""airline"":""AR"",""flightNumber"":1250,""origin"":""AEP"",""destination"":""GRU"",""departure"":""2027-01-03T16:40:00"",""arrival"":""2027-01-03T19:25:00""},{""airline"":""G3"",""flightNumber"":1494,""origin"":""GRU"",""destination"":""GYN"",""departure"":""2027-01-03T21:55:00"",""arrival"":""2027-01-03T23:35:00""}]},""in"":{""stops"":1,""totalDurationMin"":880,""segments"":[{""airline"":""G3"",""flightNumber"":1493,""origin"":""GYN"",""destination"":""GRU"",""departure"":""2027-01-13T19:20:00"",""arrival"":""2027-01-13T21:15:00""},{""airline"":""AR"",""flightNumber"":1241,""origin"":""GRU"",""destination"":""AEP"",""departure"":""2027-01-14T07:00:00"",""arrival"":""2027-01-14T10:00:00""}]}}"
2026-09-01T00:42:09.016Z,aerolineas,bue-aep-gyn,AEP,GYN,2027-01-04,2027-01-14,5038,BRL,"{""out"":{""stops"":1,""totalDurationMin"":650,""segments"":[{""airline"":""AR"",""flightNumber"":1242,""origin"":""AEP"",""destination"":""GRU"",""departure"":""2027-01-04T06:20:00"",""arrival"":""2027-01-04T09:05:00""},{""airline"":""LA"",""flightNumber"":8148,""origin"":""GRU"",""destination"":""GYN"",""departure"":""2027-01-04T15:30:00"",""arrival"":""2027-01-04T17:10:00""}]},""in"":{""stops"":1,""totalDurationMin"":855,""segments"":[{""airline"":""LA"",""flightNumber"":8075,""origin"":""GYN"",""destination"":""GRU"",""departure"":""2027-01-14T19:45:00"",""arrival"":""2027-01-14T21:30:00""},{""airline"":""AR"",""flightNumber"":1241,""origin"":""GRU"",""destination"":""AEP"",""departure"":""2027-01-15T07:00:00"",""arrival"":""2027-01-15T10:00:00""}]}}"
2026-09-01T00:42:09.016Z,aerolineas,bue-aep-gyn,AEP,GYN,2027-01-05,2027-01-15,4086,BRL,"{""out"":{""stops"":1,""totalDurationMin"":895,""segments"":[{""airline"":""AR"",""flightNumber"":1240,""origin"":""AEP"",""destination"":""GRU"",""departure"":""2027-01-05T20:00:00"",""arrival"":""2027-01-05T22:45:00""},{""airline"":""G3"",""flightNumber"":7546,""origin"":""GRU"",""destination"":""GYN"",""departure"":""2027-01-06T09:15:00"",""arrival"":""2027-01-06T10:55:00""}]},""in"":{""stops"":1,""totalDurationMin"":390,""segments"":[{""airline"":""LA"",""flightNumber"":8231,""origin"":""GYN"",""destination"":""GRU"",""departure"":""2027-01-15T09:50:00"",""arrival"":""2027-01-15T11:30:00""},{""airline"":""AR"",""flightNumber"":1245,""origin"":""GRU"",""destination"":""AEP"",""departure"":""2027-01-15T13:20:00"",""arrival"":""2027-01-15T16:20:00""}]}}"
2026-09-01T00:42:09.016Z,aerolineas,bue-aep-gyn,AEP,GYN,2027-01-06,2027-01-16,3758,BRL,"{""out"":{""stops"":1,""totalDurationMin"":400,""segments"":[{""airline"":""AR"",""flightNumber"":1250,""origin"":""AEP"",""destination"":""GRU"",""departure"":""2027-01-06T16:40:00"",""arrival"":""2027-01-06T19:25:00""},{""airline"":""G3"",""flightNumber"":7630,""origin"":""GRU"",""destination"":""GYN"",""departure"":""2027-01-06T21:40:00"",""arrival"":""2027-01-06T23:20:00""}]},""in"":{""stops"":1,""totalDurationMin"":880,""segments"":[{""airline"":""G3"",""flightNumber"":7524,""origin"":""GYN"",""destination"":""GRU"",""departure"":""2027-01-16T19:20:00"",""arrival"":""2027-01-16T21:05:00""},{""airline"":""AR"",""flightNumber"":1241,""origin"":""GRU"",""destination"":""AEP"",""departure"":""2027-01-17T07:00:00"",""arrival"":""2027-01-17T10:00:00""}]}}"
2026-09-01T00:42:09.016Z,aerolineas,bue-aep-gyn,AEP,GYN,2027-01-07,2027-01-17,3808,BRL,"{""out"":{""stops"":1,""totalDurationMin"":575,""segments"":[{""airline"":""AR"",""flightNumber"":1246,""origin"":""AEP"",""destination"":""GRU"",""departure"":""2027-01-07T13:45:00"",""arrival"":""2027-01-07T16:30:00""},{""airline"":""G3"",""flightNumber"":1494,""origin"":""GRU"",""destination"":""GYN"",""departure"":""2027-01-07T21:40:00"",""arrival"":""2027-01-07T23:20:00""}]},""in"":{""stops"":1,""totalDurationMin"":725,""segments"":[{""airline"":""G3"",""flightNumber"":7631,""origin"":""GYN"",""destination"":""GRU"",""departure"":""2027-01-17T11:35:00"",""arrival"":""2027-01-17T13:15:00""},{""airline"":""AR"",""flightNumber"":1251,""origin"":""GRU"",""destination"":""AEP"",""departure"":""2027-01-17T20:40:00"",""arrival"":""2027-01-17T23:40:00""}]}}"
2026-09-01T00:42:09.016Z,aerolineas,bue-aep-gyn,AEP,GYN,2027-01-08,2027-01-18,3669,BRL,"{""out"":{""stops"":1,""totalDurationMin"":890,""segments"":[{""airline"":""AR"",""flightNumber"":1240,""origin"":""AEP"",""destination"":""GRU"",""departure"":""2027-01-08T20:00:00"",""arrival"":""2027-01-08T22:45:00""},{""airline"":""G3"",""flightNumber"":7546,""origin"":""GRU"",""destination"":""GYN"",""departure"":""2027-01-09T09:15:00"",""arrival"":""2027-01-09T10:50:00""}]},""in"":{""stops"":1,""totalDurationMin"":880,""segments"":[{""airline"":""G3"",""flightNumber"":7524,""origin"":""GYN"",""destination"":""GRU"",""departure"":""2027-01-18T19:20:00"",""arrival"":""2027-01-18T21:15:00""},{""airline"":""AR"",""flightNumber"":1241,""origin"":""GRU"",""destination"":""AEP"",""departure"":""2027-01-19T07:00:00"",""arrival"":""2027-01-19T10:00:00""}]}}"
2026-09-01T00:42:09.016Z,aerolineas,bue-aep-gyn,AEP,GYN,2027-01-09,2027-01-19,4086,BRL,"{""out"":{""stops"":1,""totalDurationMin"":415,""segments"":[{""airline"":""AR"",""flightNumber"":1242,""origin"":""AEP"",""destination"":""GRU"",""departure"":""2027-01-09T06:20:00"",""arrival"":""2027-01-09T09:05:00""},{""airline"":""LA"",""flightNumber"":8084,""origin"":""GRU"",""destination"":""GYN"",""departure"":""2027-01-09T11:35:00"",""arrival"":""2027-01-09T13:15:00""}]},""in"":{""stops"":1,""totalDurationMin"":535,""segments"":[{""airline"":""G3"",""flightNumber"":7631,""origin"":""GYN"",""destination"":""GRU"",""departure"":""2027-01-19T11:35:00"",""arrival"":""2027-01-19T13:15:00""},{""airline"":""AR"",""flightNumber"":1247,""origin"":""GRU"",""destination"":""AEP"",""departure"":""2027-01-19T17:30:00"",""arrival"":""2027-01-19T20:30:00""}]}}"
2026-09-01T00:42:09.016Z,aerolineas,bue-aep-gyn,AEP,GYN,2027-01-10,2027-01-20,3808,BRL,"{""out"":{""stops"":1,""totalDurationMin"":590,""segments"":[{""airline"":""AR"",""flightNumber"":1246,""origin"":""AEP"",""destination"":""GRU"",""departure"":""2027-01-10T13:45:00"",""arrival"":""2027-01-10T16:30:00""},{""airline"":""G3"",""flightNumber"":7630,""origin"":""GRU"",""destination"":""GYN"",""departure"":""2027-01-10T21:55:00"",""arrival"":""2027-01-10T23:35:00""}]},""in"":{""stops"":1,""totalDurationMin"":500,""segments"":[{""airline"":""G3"",""flightNumber"":7679,""origin"":""GYN"",""destination"":""GRU"",""departure"":""2027-01-20T06:00:00"",""arrival"":""2027-01-20T07:50:00""},{""airline"":""AR"",""flightNumber"":1243,""origin"":""GRU"",""destination"":""AEP"",""departure"":""2027-01-20T11:20:00"",""arrival"":""2027-01-20T14:20:00""}]}}"
2026-09-01T00:42:09.016Z,aerolineas,bue-aep-gyn,AEP,GYN,2027-01-11,2027-01-21,3808,BRL,"{""out"":{""stops"":1,""totalDurationMin"":400,""segments"":[{""airline"":""AR"",""flightNumber"":1250,""origin"":""AEP"",""destination"":""GRU"",""departure"":""2027-01-11T16:40:00"",""arrival"":""2027-01-11T19:25:00""},{""airline"":""G3"",""flightNumber"":7630,""origin"":""GRU"",""destination"":""GYN"",""departure"":""2027-01-11T21:40:00"",""arrival"":""2027-01-11T23:20:00""}]},""in"":{""stops"":1,""totalDurationMin"":535,""segments"":[{""airline"":""G3"",""flightNumber"":7631,""origin"":""GYN"",""destination"":""GRU"",""departure"":""2027-01-21T11:35:00"",""arrival"":""2027-01-21T13:15:00""},{""airline"":""AR"",""flightNumber"":1247,""origin"":""GRU"",""destination"":""AEP"",""departure"":""2027-01-21T17:30:00"",""arrival"":""2027-01-21T20:30:00""}]}}"
2026-09-01T00:42:09.016Z,aerolineas,bue-aep-gyn,AEP,GYN,2027-01-12,2027-01-22,4364,BRL,"{""out"":{""stops"":1,""totalDurationMin"":415,""segments"":[{""airline"":""AR"",""flightNumber"":1242,""origin"":""AEP"",""destination"":""GRU"",""departure"":""2027-01-12T06:20:00"",""arrival"":""2027-01-12T09:05:00""},{""airline"":""LA"",""flightNumber"":8084,""origin"":""GRU"",""destination"":""GYN"",""departure"":""2027-01-12T11:40:00"",""arrival"":""2027-01-12T13:15:00""}]},""in"":{""stops"":1,""totalDurationMin"":390,""segments"":[{""airline"":""LA"",""flightNumber"":8231,""origin"":""GYN"",""destination"":""GRU"",""departure"":""2027-01-22T09:50:00"",""arrival"":""2027-01-22T11:30:00""},{""airline"":""AR"",""flightNumber"":1245,""origin"":""GRU"",""destination"":""AEP"",""departure"":""2027-01-22T13:20:00"",""arrival"":""2027-01-22T16:20:00""}]}}"
2026-09-01T00:42:09.016Z,aerolineas,bue-aep-gyn,AEP,GYN,2027-01-13,2027-01-23,3808,BRL,"{""out"":{""stops"":1,""totalDurationMin"":400,""segments"":[{""airline"":""AR"",""flightNumber"":1250,""origin"":""AEP"",""destination"":""GRU"",""departure"":""2027-01-13T16:40:00"",""arrival"":""2027-01-13T19:25:00""},{""airline"":""G3"",""flightNumber"":7630,""origin"":""GRU"",""destination"":""GYN"",""departure"":""2027-01-13T21:40:00"",""arrival"":""2027-01-13T23:20:00""}]},""in"":{""stops"":1,""totalDurationMin"":460,""segments"":[{""airline"":""G3"",""flightNumber"":7679,""origin"":""GYN"",""destination"":""GRU"",""departure"":""2027-01-23T06:00:00"",""arrival"":""2027-01-23T07:40:00""},{""airline"":""AR"",""flightNumber"":1243,""origin"":""GRU"",""destination"":""AEP"",""departure"":""2027-01-23T10:40:00"",""arrival"":""2027-01-23T13:40:00""}]}}"
2026-09-01T00:42:09.016Z,aerolineas,bue-aep-gyn,AEP,GYN,2027-01-14,2027-01-24,3808,BRL,"{""out"":{""stops"":1,""totalDurationMin"":575,""segments"":[{""airline"":""AR"",""flightNumber"":1246,""origin"":""AEP"",""destination"":""GRU"",""departure"":""2027-01-14T13:45:00"",""arrival"":""2027-01-14T16:30:00""},{""airline"":""G3"",""flightNumber"":7630,""origin"":""GRU"",""destination"":""GYN"",""departure"":""2027-01-14T21:40:00"",""arrival"":""2027-01-14T23:20:00""}]},""in"":{""stops"":1,""totalDurationMin"":580,""segments"":[{""airline"":""G3"",""flightNumber"":7679,""origin"":""GYN"",""destination"":""GRU"",""departure"":""2027-01-24T06:00:00"",""arrival"":""2027-01-24T07:40:00""},{""airline"":""AR"",""flightNumber"":1245,""origin"":""GRU"",""destination"":""AEP"",""departure"":""2027-01-24T12:40:00"",""arrival"":""2027-01-24T15:40:00""}]}}"
2026-09-01T00:42:09.016Z,aerolineas,bue-aep-gyn,AEP,GYN,2027-01-15,2027-01-25,4086,BRL,"{""out"":{""stops"":1,""totalDurationMin"":415,""segments"":[{""airline"":""AR"",""flightNumber"":1242,""origin"":""AEP"",""destination"":""GRU"",""departure"":""2027-01-15T06:20:00"",""arrival"":""2027-01-15T09:05:00""},{""airline"":""LA"",""flightNumber"":8084,""origin"":""GRU"",""destination"":""GYN"",""departure"":""2027-01-15T11:40:00"",""arrival"":""2027-01-15T13:15:00""}]},""in"":{""stops"":1,""totalDurationMin"":880,""segments"":[{""airline"":""G3"",""flightNumber"":7524,""origin"":""GYN"",""destination"":""GRU"",""departure"":""2027-01-25T19:20:00"",""arrival"":""2027-01-25T21:15:00""},{""airline"":""AR"",""flightNumber"":1241,""origin"":""GRU"",""destination"":""AEP"",""departure"":""2027-01-26T07:00:00"",""arrival"":""2027-01-26T10:00:00""}]}}"
2026-09-01T00:42:09.016Z,aerolineas,bue-aep-gyn,AEP,GYN,2027-01-16,2027-01-26,3808,BRL,"{""out"":{""stops"":1,""totalDurationMin"":740,""segments"":[{""airline"":""AR"",""flightNumber"":1242,""origin"":""AEP"",""destination"":""GRU"",""departure"":""2027-01-16T06:20:00"",""arrival"":""2027-01-16T09:05:00""},{""airline"":""G3"",""flightNumber"":7510,""origin"":""GRU"",""destination"":""GYN"",""departure"":""2027-01-16T17:00:00"",""arrival"":""2027-01-16T18:40:00""}]},""in"":{""stops"":1,""totalDurationMin"":535,""segments"":[{""airline"":""G3"",""flightNumber"":7631,""origin"":""GYN"",""destination"":""GRU"",""departure"":""2027-01-26T11:35:00"",""arrival"":""2027-01-26T13:15:00""},{""airline"":""AR"",""flightNumber"":1247,""origin"":""GRU"",""destination"":""AEP"",""departure"":""2027-01-26T17:30:00"",""arrival"":""2027-01-26T20:30:00""}]}}"
2026-09-01T00:42:09.016Z,aerolineas,bue-aep-gyn,AEP,GYN,2027-01-17,2027-01-27,3953,BRL,"{""out"":{""stops"":1,""totalDurationMin"":415,""segments"":[{""airline"":""AR"",""flightNumber"":1250,""origin"":""AEP"",""destination"":""GRU"",""departure"":""2027-01-17T16:40:00"",""arrival"":""2027-01-17T19:25:00""},{""airline"":""G3"",""flightNumber"":7630,""origin"":""GRU"",""destination"":""GYN"",""departure"":""2027-01-17T21:55:00"",""arrival"":""2027-01-17T23:35:00""}]},""in"":{""stops"":1,""totalDurationMin"":500,""segments"":[{""airline"":""G3"",""flightNumber"":7679,""origin"":""GYN"",""destination"":""GRU"",""departure"":""2027-01-27T06:00:00"",""arrival"":""2027-01-27T07:50:00""},{""airline"":""AR"",""flightNumber"":1243,""origin"":""GRU"",""destination"":""AEP"",""departure"":""2027-01-27T11:20:00"",""arrival"":""2027-01-27T14:20:00""}]}}"
2026-09-01T00:42:09.016Z,aerolineas,bue-aep-gyn,AEP,GYN,2027-01-18,2027-01-28,4231,BRL,"{""out"":{""stops"":1,""totalDurationMin"":415,""segments"":[{""airline"":""AR"",""flightNumber"":1242,""origin"":""AEP"",""destination"":""GRU"",""departure"":""2027-01-18T06:20:00"",""arrival"":""2027-01-18T09:05:00""},{""airline"":""LA"",""flightNumber"":8084,""origin"":""GRU"",""destination"":""GYN"",""departure"":""2027-01-18T11:40:00"",""arrival"":""2027-01-18T13:15:00""}]},""in"":{""stops"":1,""totalDurationMin"":460,""segments"":[{""airline"":""G3"",""flightNumber"":7679,""origin"":""GYN"",""destination"":""GRU"",""departure"":""2027-01-28T06:00:00"",""arrival"":""2027-01-28T07:50:00""},{""airline"":""AR"",""flightNumber"":1243,""origin"":""GRU"",""destination"":""AEP"",""departure"":""2027-01-28T10:40:00"",""arrival"":""2027-01-28T13:40:00""}]}}"
2026-09-01T00:42:09.016Z,aerolineas,bue-aep-gyn,AEP,GYN,2027-01-19,2027-01-29,3808,BRL,"{""out"":{""stops"":1,""totalDurationMin"":575,""segments"":[{""airline"":""AR"",""flightNumber"":1246,""origin"":""AEP"",""destination"":""GRU"",""departure"":""2027-01-19T13:45:00"",""arrival"":""2027-01-19T16:30:00""},{""airline"":""G3"",""flightNumber"":7630,""origin"":""GRU"",""destination"":""GYN"",""departure"":""2027-01-19T21:40:00"",""arrival"":""2027-01-19T23:20:00""}]},""in"":{""stops"":1,""totalDurationMin"":880,""segments"":[{""airline"":""G3"",""flightNumber"":7524,""origin"":""GYN"",""destination"":""GRU"",""departure"":""2027-01-29T19:20:00"",""arrival"":""2027-01-29T21:15:00""},{""airline"":""AR"",""flightNumber"":1241,""origin"":""GRU"",""destination"":""AEP"",""departure"":""2027-01-30T07:00:00"",""arrival"":""2027-01-30T10:00:00""}]}}"
2026-09-01T00:42:09.016Z,aerolineas,bue-aep-gyn,AEP,GYN,2027-01-20,2027-01-30,4086,BRL,"{""out"":{""stops"":1,""totalDurationMin"":785,""segments"":[{""airline"":""AR"",""flightNumber"":1240,""origin"":""AEP"",""destination"":""GRU"",""departure"":""2027-01-20T20:00:00"",""arrival"":""2027-01-20T22:45:00""},{""airline"":""LA"",""flightNumber"":8144,""origin"":""GRU"",""destination"":""GYN"",""departure"":""2027-01-21T07:30:00"",""arrival"":""2027-01-21T09:05:00""}]},""in"":{""stops"":1,""totalDurationMin"":880,""segments"":[{""airline"":""G3"",""flightNumber"":7524,""origin"":""GYN"",""destination"":""GRU"",""departure"":""2027-01-30T19:20:00"",""arrival"":""2027-01-30T21:05:00""},{""airline"":""AR"",""flightNumber"":1241,""origin"":""GRU"",""destination"":""AEP"",""departure"":""2027-01-31T07:00:00"",""arrival"":""2027-01-31T10:00:00""}]}}"
2026-09-01T00:42:09.016Z,aerolineas,bue-aep-gyn,AEP,GYN,2027-01-21,2027-01-31,3663,BRL,"{""out"":{""stops"":1,""totalDurationMin"":400,""segments"":[{""airline"":""AR"",""flightNumber"":1250,""origin"":""AEP"",""destination"":""GRU"",""departure"":""2027-01-21T16:40:00"",""arrival"":""2027-01-21T19:25:00""},{""airline"":""G3"",""flightNumber"":7630,""origin"":""GRU"",""destination"":""GYN"",""departure"":""2027-01-21T21:40:00"",""arrival"":""2027-01-21T23:20:00""}]},""in"":{""stops"":1,""totalDurationMin"":880,""segments"":[{""airline"":""G3"",""flightNumber"":7524,""origin"":""GYN"",""destination"":""GRU"",""departure"":""2027-01-31T19:20:00"",""arrival"":""2027-01-31T21:05:00""},{""airline"":""AR"",""flightNumber"":1241,""origin"":""GRU"",""destination"":""AEP"",""departure"":""2027-02-01T07:00:00"",""arrival"":""2027-02-01T10:00:00""}]}}"
2026-09-01T00:42:09.016Z,aerolineas,bue-aep-gyn,AEP,GYN,2027-01-22,2027-02-01,3902,BRL,"{""out"":{""stops"":1,""totalDurationMin"":400,""segments"":[{""airline"":""AR"",""flightNumber"":1250,""origin"":""AEP"",""destination"":""GRU"",""departure"":""2027-01-22T16:40:00"",""arrival"":""2027-01-22T19:25:00""},{""airline"":""G3"",""flightNumber"":7630,""origin"":""GRU"",""destination"":""GYN"",""departure"":""2027-01-22T21:40:00"",""arrival"":""2027-01-22T23:20:00""}]},""in"":{""stops"":1,""totalDurationMin"":880,""segments"":[{""airline"":""G3"",""flightNumber"":7524,""origin"":""GYN"",""destination"":""GRU"",""departure"":""2027-02-01T19:20:00"",""arrival"":""2027-02-01T21:15:00""},{""airline"":""AR"",""flightNumber"":1241,""origin"":""GRU"",""destination"":""AEP"",""departure"":""2027-02-02T07:00:00"",""arrival"":""2027-02-02T10:00:00""}]}}"
2026-09-01T00:42:09.016Z,aerolineas,bue-aep-gyn,AEP,GYN,2027-01-23,2027-02-02,4036,BRL,"{""out"":{""stops"":1,""totalDurationMin"":785,""segments"":[{""airline"":""AR"",""flightNumber"":1240,""origin"":""AEP"",""destination"":""GRU"",""departure"":""2027-01-23T20:00:00"",""arrival"":""2027-01-23T22:45:00""},{""airline"":""LA"",""flightNumber"":8144,""origin"":""GRU"",""destination"":""GYN"",""departure"":""2027-01-24T07:30:00"",""arrival"":""2027-01-24T09:05:00""}]},""in"":{""stops"":1,""totalDurationMin"":880,""segments"":[{""airline"":""G3"",""flightNumber"":7524,""origin"":""GYN"",""destination"":""GRU"",""departure"":""2027-02-02T19:20:00"",""arrival"":""2027-02-02T21:15:00""},{""airline"":""AR"",""flightNumber"":1241,""origin"":""GRU"",""destination"":""AEP"",""departure"":""2027-02-03T07:00:00"",""arrival"":""2027-02-03T10:00:00""}]}}"
2026-09-01T00:42:09.016Z,aerolineas,bue-aep-gyn,AEP,GYN,2027-01-24,2027-02-03,4086,BRL,"{""out"":{""stops"":1,""totalDurationMin"":895,""segments"":[{""airline"":""AR"",""flightNumber"":1240,""origin"":""AEP"",""destination"":""GRU"",""departure"":""2027-01-24T20:00:00"",""arrival"":""2027-01-24T22:45:00""},{""airline"":""G3"",""flightNumber"":7546,""origin"":""GRU"",""destination"":""GYN"",""departure"":""2027-01-25T09:15:00"",""arrival"":""2027-01-25T10:55:00""}]},""in"":{""stops"":1,""totalDurationMin"":585,""segments"":[{""airline"":""LA"",""flightNumber"":8040,""origin"":""GYN"",""destination"":""GRU"",""departure"":""2027-02-03T13:55:00"",""arrival"":""2027-02-03T15:40:00""},{""airline"":""AR"",""flightNumber"":1251,""origin"":""GRU"",""destination"":""AEP"",""departure"":""2027-02-03T20:40:00"",""arrival"":""2027-02-03T23:40:00""}]}}"
2026-09-01T00:42:09.016Z,aerolineas,bue-aep-gyn,AEP,GYN,2027-01-25,2027-02-04,3808,BRL,"{""out"":{""stops"":1,""totalDurationMin"":1195,""segments"":[{""airline"":""AR"",""flightNumber"":1270,""origin"":""AEP"",""destination"":""GIG"",""departure"":""2027-01-25T21:00:00"",""arrival"":""2027-01-25T23:55:00""},{""airline"":""G3"",""flightNumber"":2062,""origin"":""GIG"",""destination"":""GYN"",""departure"":""2027-01-26T15:10:00"",""arrival"":""2027-01-26T16:55:00""}]},""in"":{""stops"":1,""totalDurationMin"":460,""segments"":[{""airline"":""G3"",""flightNumber"":7679,""origin"":""GYN"",""destination"":""GRU"",""departure"":""2027-02-04T06:00:00"",""arrival"":""2027-02-04T07:50:00""},{""airline"":""AR"",""flightNumber"":1243,""origin"":""GRU"",""destination"":""AEP"",""departure"":""2027-02-04T10:40:00"",""arrival"":""2027-02-04T13:40:00""}]}}"
2026-09-01T00:42:09.016Z,aerolineas,bue-aep-gyn,AEP,GYN,2027-01-26,2027-02-05,4086,BRL,"{""out"":{""stops"":1,""totalDurationMin"":995,""segments"":[{""airline"":""AR"",""flightNumber"":1268,""origin"":""AEP"",""destination"":""GIG"",""departure"":""2027-01-26T17:30:00"",""arrival"":""2027-01-26T20:25:00""},{""airline"":""G3"",""flightNumber"":2060,""origin"":""GIG"",""destination"":""GYN"",""departure"":""2027-01-27T08:25:00"",""arrival"":""2027-01-27T10:05:00""}]},""in"":{""stops"":1,""totalDurationMin"":390,""segments"":[{""airline"":""LA"",""flightNumber"":3373,""origin"":""GYN"",""destination"":""GRU"",""departure"":""2027-02-05T09:50:00"",""arrival"":""2027-02-05T11:30:00""},{""airline"":""AR"",""flightNumber"":1245,""origin"":""GRU"",""destination"":""AEP"",""departure"":""2027-02-05T13:20:00"",""arrival"":""2027-02-05T16:20:00""}]}}"
2026-09-01T00:42:09.016Z,aerolineas,bue-aep-gyn,AEP,GYN,2027-01-27,2027-02-06,3947,BRL,"{""out"":{""stops"":1,""totalDurationMin"":400,""segments"":[{""airline"":""AR"",""flightNumber"":1250,""origin"":""AEP"",""destination"":""GRU"",""departure"":""2027-01-27T16:40:00"",""arrival"":""2027-01-27T19:25:00""},{""airline"":""G3"",""flightNumber"":7630,""origin"":""GRU"",""destination"":""GYN"",""departure"":""2027-01-27T21:40:00"",""arrival"":""2027-01-27T23:20:00""}]},""in"":{""stops"":1,""totalDurationMin"":855,""segments"":[{""airline"":""LA"",""flightNumber"":3545,""origin"":""GYN"",""destination"":""GRU"",""departure"":""2027-02-06T19:45:00"",""arrival"":""2027-02-06T21:30:00""},{""airline"":""AR"",""flightNumber"":1241,""origin"":""GRU"",""destination"":""AEP"",""departure"":""2027-02-07T07:00:00"",""arrival"":""2027-02-07T10:00:00""}]}}"
2026-09-01T00:42:09.016Z,aerolineas,bue-aep-gyn,AEP,GYN,2027-01-28,2027-02-07,3802,BRL,"{""out"":{""stops"":1,""totalDurationMin"":785,""segments"":[{""airline"":""AR"",""flightNumber"":1240,""origin"":""AEP"",""destination"":""GRU"",""departure"":""2027-01-28T20:00:00"",""arrival"":""2027-01-28T22:45:00""},{""airline"":""LA"",""flightNumber"":8144,""origin"":""GRU"",""destination"":""GYN"",""departure"":""2027-01-29T07:30:00"",""arrival"":""2027-01-29T09:05:00""}]},""in"":{""stops"":1,""totalDurationMin"":880,""segments"":[{""airline"":""G3"",""flightNumber"":7524,""origin"":""GYN"",""destination"":""GRU"",""departure"":""2027-02-07T19:20:00"",""arrival"":""2027-02-07T21:05:00""},{""airline"":""AR"",""flightNumber"":1241,""origin"":""GRU"",""destination"":""AEP"",""departure"":""2027-02-08T07:00:00"",""arrival"":""2027-02-08T10:00:00""}]}}"
2026-09-01T00:42:09.016Z,aerolineas,bue-aep-gyn,AEP,GYN,2027-01-29,2027-02-08,4219,BRL,"{""out"":{""stops"":1,""totalDurationMin"":415,""segments"":[{""airline"":""AR"",""flightNumber"":1242,""origin"":""AEP"",""destination"":""GRU"",""departure"":""2027-01-29T06:20:00"",""arrival"":""2027-01-29T09:05:00""},{""airline"":""LA"",""flightNumber"":8084,""origin"":""GRU"",""destination"":""GYN"",""departure"":""2027-01-29T11:40:00"",""arrival"":""2027-01-29T13:15:00""}]},""in"":{""stops"":1,""totalDurationMin"":855,""segments"":[{""airline"":""LA"",""flightNumber"":8067,""origin"":""GYN"",""destination"":""GRU"",""departure"":""2027-02-08T19:45:00"",""arrival"":""2027-02-08T21:30:00""},{""airline"":""AR"",""flightNumber"":1241,""origin"":""GRU"",""destination"":""AEP"",""departure"":""2027-02-09T07:00:00"",""arrival"":""2027-02-09T10:00:00""}]}}"
2026-09-01T00:42:09.016Z,aerolineas,bue-aep-gyn,AEP,GYN,2027-01-30,2027-02-09,4086,BRL,"{""out"":{""stops"":1,""totalDurationMin"":415,""segments"":[{""airline"":""AR"",""flightNumber"":1242,""origin"":""AEP"",""destination"":""GRU"",""departure"":""2027-01-30T06:20:00"",""arrival"":""2027-01-30T09:05:00""},{""airline"":""LA"",""flightNumber"":3266,""origin"":""GRU"",""destination"":""GYN"",""departure"":""2027-01-30T11:35:00"",""arrival"":""2027-01-30T13:15:00""}]},""in"":{""stops"":1,""totalDurationMin"":460,""segments"":[{""airline"":""G3"",""flightNumber"":7679,""origin"":""GYN"",""destination"":""GRU"",""departure"":""2027-02-09T06:00:00"",""arrival"":""2027-02-09T07:50:00""},{""airline"":""AR"",""flightNumber"":1243,""origin"":""GRU"",""destination"":""AEP"",""departure"":""2027-02-09T10:40:00"",""arrival"":""2027-02-09T13:40:00""}]}}"
2026-09-01T00:42:09.016Z,aerolineas,bue-aep-gyn,AEP,GYN,2027-01-31,2027-02-10,3936,BRL,"{""out"":{""stops"":1,""totalDurationMin"":510,""segments"":[{""airline"":""AR"",""flightNumber"":1244,""origin"":""AEP"",""destination"":""GRU"",""departure"":""2027-01-31T08:40:00"",""arrival"":""2027-01-31T11:25:00""},{""airline"":""LA"",""flightNumber"":8148,""origin"":""GRU"",""destination"":""GYN"",""departure"":""2027-01-31T15:30:00"",""arrival"":""2027-01-31T17:10:00""}]},""in"":{""stops"":1,""totalDurationMin"":650,""segments"":[{""airline"":""G3"",""flightNumber"":2063,""origin"":""GYN"",""destination"":""GIG"",""departure"":""2027-02-10T17:40:00"",""arrival"":""2027-02-10T19:20:00""},{""airline"":""AR"",""flightNumber"":1271,""origin"":""GIG"",""destination"":""AEP"",""departure"":""2027-02-11T01:05:00"",""arrival"":""2027-02-11T04:30:00""}]}}"
2026-09-01T00:42:09.016Z,aerolineas,bue-aep-gyn,AEP,GYN,2027-02-01,2027-02-11,3663,BRL,"{""out"":{""stops"":1,""totalDurationMin"":895,""segments"":[{""airline"":""AR"",""flightNumber"":1240,""origin"":""AEP"",""destination"":""GRU"",""departure"":""2027-02-01T20:00:00"",""arrival"":""2027-02-01T22:45:00""},{""airline"":""G3"",""flightNumber"":7546,""origin"":""GRU"",""destination"":""GYN"",""departure"":""2027-02-02T09:15:00"",""arrival"":""2027-02-02T10:55:00""}]},""in"":{""stops"":1,""totalDurationMin"":1260,""segments"":[{""airline"":""G3"",""flightNumber"":7524,""origin"":""GYN"",""destination"":""GRU"",""departure"":""2027-02-11T19:20:00"",""arrival"":""2027-02-11T21:15:00""},{""airline"":""AR"",""flightNumber"":1245,""origin"":""GRU"",""destination"":""AEP"",""departure"":""2027-02-12T13:20:00"",""arrival"":""2027-02-12T16:20:00""}]}}"
2026-09-01T00:42:09.016Z,aerolineas,bue-aep-gyn,AEP,GYN,2027-02-02,2027-02-12,3941,BRL,"{""out"":{""stops"":1,""totalDurationMin"":895,""segments"":[{""airline"":""AR"",""flightNumber"":1240,""origin"":""AEP"",""destination"":""GRU"",""departure"":""2027-02-02T20:00:00"",""arrival"":""2027-02-02T22:45:00""},{""airline"":""G3"",""flightNumber"":7546,""origin"":""GRU"",""destination"":""GYN"",""departure"":""2027-02-03T09:15:00"",""arrival"":""2027-02-03T10:55:00""}]},""in"":{""stops"":1,""totalDurationMin"":390,""segments"":[{""airline"":""LA"",""flightNumber"":8231,""origin"":""GYN"",""destination"":""GRU"",""departure"":""2027-02-12T09:50:00"",""arrival"":""2027-02-12T11:30:00""},{""airline"":""AR"",""flightNumber"":1245,""origin"":""GRU"",""destination"":""AEP"",""departure"":""2027-02-12T13:20:00"",""arrival"":""2027-02-12T16:20:00""}]}}"
2026-09-01T00:42:09.016Z,aerolineas,bue-aep-gyn,AEP,GYN,2027-02-03,2027-02-13,3663,BRL,"{""out"":{""stops"":1,""totalDurationMin"":895,""segments"":[{""airline"":""AR"",""flightNumber"":1240,""origin"":""AEP"",""destination"":""GRU"",""departure"":""2027-02-03T20:00:00"",""arrival"":""2027-02-03T22:45:00""},{""airline"":""G3"",""flightNumber"":7546,""origin"":""GRU"",""destination"":""GYN"",""departure"":""2027-02-04T09:15:00"",""arrival"":""2027-02-04T10:55:00""}]},""in"":{""stops"":1,""totalDurationMin"":880,""segments"":[{""airline"":""G3"",""flightNumber"":1493,""origin"":""GYN"",""destination"":""GRU"",""departure"":""2027-02-13T19:20:00"",""arrival"":""2027-02-13T21:05:00""},{""airline"":""AR"",""flightNumber"":1241,""origin"":""GRU"",""destination"":""AEP"",""departure"":""2027-02-14T07:00:00"",""arrival"":""2027-02-14T10:00:00""}]}}"
2026-09-01T00:42:09.016Z,aerolineas,bue-aep-gyn,AEP,GYN,2027-02-04,2027-02-14,3941,BRL,"{""out"":{""stops"":1,""totalDurationMin"":895,""segments"":[{""airline"":""AR"",""flightNumber"":1240,""origin"":""AEP"",""destination"":""GRU"",""departure"":""2027-02-04T20:00:00"",""arrival"":""2027-02-04T22:45:00""},{""airline"":""G3"",""flightNumber"":7546,""origin"":""GRU"",""destination"":""GYN"",""departure"":""2027-02-05T09:15:00"",""arrival"":""2027-02-05T10:55:00""}]},""in"":{""stops"":1,""totalDurationMin"":855,""segments"":[{""airline"":""LA"",""flightNumber"":8079,""origin"":""GYN"",""destination"":""GRU"",""departure"":""2027-02-14T19:45:00"",""arrival"":""2027-02-14T21:30:00""},{""airline"":""AR"",""flightNumber"":1241,""origin"":""GRU"",""destination"":""AEP"",""departure"":""2027-02-15T07:00:00"",""arrival"":""2027-02-15T10:00:00""}]}}"
2026-09-01T00:42:09.016Z,aerolineas,bue-aep-gyn,AEP,GYN,2027-02-05,2027-02-15,3658,BRL,"{""out"":{""stops"":1,""totalDurationMin"":600,""segments"":[{""airline"":""AR"",""flightNumber"":1244,""origin"":""AEP"",""destination"":""GRU"",""departure"":""2027-02-05T08:40:00"",""arrival"":""2027-02-05T11:25:00""},{""airline"":""G3"",""flightNumber"":7510,""origin"":""GRU"",""destination"":""GYN"",""departure"":""2027-02-05T17:00:00"",""arrival"":""2027-02-05T18:40:00""}]},""in"":{""stops"":1,""totalDurationMin"":650,""segments"":[{""airline"":""G3"",""flightNumber"":2063,""origin"":""GYN"",""destination"":""GIG"",""departure"":""2027-02-15T17:40:00"",""arrival"":""2027-02-15T19:20:00""},{""airline"":""AR"",""flightNumber"":1271,""origin"":""GIG"",""destination"":""AEP"",""departure"":""2027-02-16T01:05:00"",""arrival"":""2027-02-16T04:30:00""}]}}"
2026-09-01T00:42:09.016Z,aerolineas,bue-aep-gyn,AEP,GYN,2027-02-06,2027-02-16,3757,BRL,"{""out"":{""stops"":1,""totalDurationMin"":890,""segments"":[{""airline"":""AR"",""flightNumber"":1240,""origin"":""AEP"",""destination"":""GRU"",""departure"":""2027-02-06T20:00:00"",""arrival"":""2027-02-06T22:45:00""},{""airline"":""G3"",""flightNumber"":7546,""origin"":""GRU"",""destination"":""GYN"",""departure"":""2027-02-07T09:15:00"",""arrival"":""2027-02-07T10:50:00""}]},""in"":{""stops"":1,""totalDurationMin"":880,""segments"":[{""airline"":""G3"",""flightNumber"":7524,""origin"":""GYN"",""destination"":""GRU"",""departure"":""2027-02-16T19:20:00"",""arrival"":""2027-02-16T21:15:00""},{""airline"":""AR"",""flightNumber"":1241,""origin"":""GRU"",""destination"":""AEP"",""departure"":""2027-02-17T07:00:00"",""arrival"":""2027-02-17T10:00:00""}]}}"
2026-09-01T00:42:09.016Z,aerolineas,bue-aep-gyn,AEP,GYN,2027-02-07,2027-02-17,3469,BRL,"{""out"":{""stops"":1,""totalDurationMin"":590,""segments"":[{""airline"":""AR"",""flightNumber"":1246,""origin"":""AEP"",""destination"":""GRU"",""departure"":""2027-02-07T13:45:00"",""arrival"":""2027-02-07T16:30:00""},{""airline"":""G3"",""flightNumber"":7630,""origin"":""GRU"",""destination"":""GYN"",""departure"":""2027-02-07T21:55:00"",""arrival"":""2027-02-07T23:35:00""}]},""in"":{""stops"":1,""totalDurationMin"":650,""segments"":[{""airline"":""G3"",""flightNumber"":2063,""origin"":""GYN"",""destination"":""GIG"",""departure"":""2027-02-17T17:40:00"",""arrival"":""2027-02-17T19:20:00""},{""airline"":""AR"",""flightNumber"":1271,""origin"":""GIG"",""destination"":""AEP"",""departure"":""2027-02-18T01:05:00"",""arrival"":""2027-02-18T04:30:00""}]}}"
2026-09-01T00:42:09.016Z,aerolineas,bue-aep-gyn,AEP,GYN,2027-02-08,2027-02-18,3519,BRL,"{""out"":{""stops"":1,""totalDurationMin"":895,""segments"":[{""airline"":""AR"",""flightNumber"":1240,""origin"":""AEP"",""destination"":""GRU"",""departure"":""2027-02-08T20:00:00"",""arrival"":""2027-02-08T22:45:00""},{""airline"":""G3"",""flightNumber"":7546,""origin"":""GRU"",""destination"":""GYN"",""departure"":""2027-02-09T09:15:00"",""arrival"":""2027-02-09T10:55:00""}]},""in"":{""stops"":1,""totalDurationMin"":490,""segments"":[{""airline"":""G3"",""flightNumber"":2065,""origin"":""GYN"",""destination"":""GIG"",""departure"":""2027-02-18T05:10:00"",""arrival"":""2027-02-18T06:50:00""},{""airline"":""AR"",""flightNumber"":1261,""origin"":""GIG"",""destination"":""AEP"",""departure"":""2027-02-18T09:55:00"",""arrival"":""2027-02-18T13:20:00""}]}}"
2026-09-01T00:42:09.016Z,aerolineas,bue-aep-gyn,AEP,GYN,2027-02-09,2027-02-19,3663,BRL,"{""out"":{""stops"":1,""totalDurationMin"":740,""segments"":[{""airline"":""AR"",""flightNumber"":1242,""origin"":""AEP"",""destination"":""GRU"",""departure"":""2027-02-09T06:20:00"",""arrival"":""2027-02-09T09:05:00""},{""airline"":""G3"",""flightNumber"":7510,""origin"":""GRU"",""destination"":""GYN"",""departure"":""2027-02-09T17:00:00"",""arrival"":""2027-02-09T18:40:00""}]},""in"":{""stops"":1,""totalDurationMin"":620,""segments"":[{""airline"":""G3"",""flightNumber"":7679,""origin"":""GYN"",""destination"":""GRU"",""departure"":""2027-02-19T06:00:00"",""arrival"":""2027-02-19T07:50:00""},{""airline"":""AR"",""flightNumber"":1245,""origin"":""GRU"",""destination"":""AEP"",""departure"":""2027-02-19T13:20:00"",""arrival"":""2027-02-19T16:20:00""}]}}"
2026-09-01T00:42:09.016Z,aerolineas,bue-aep-gyn,AEP,GYN,2027-02-10,2027-02-20,3658,BRL,"{""out"":{""stops"":1,""totalDurationMin"":1195,""segments"":[{""airline"":""AR"",""flightNumber"":1270,""origin"":""AEP"",""destination"":""GIG"",""departure"":""2027-02-10T21:00:00"",""arrival"":""2027-02-10T23:55:00""},{""airline"":""G3"",""flightNumber"":2062,""origin"":""GIG"",""destination"":""GYN"",""departure"":""2027-02-11T15:10:00"",""arrival"":""2027-02-11T16:55:00""}]},""in"":{""stops"":1,""totalDurationMin"":420,""segments"":[{""airline"":""G3"",""flightNumber"":2063,""origin"":""GYN"",""destination"":""GIG"",""departure"":""2027-02-20T17:40:00"",""arrival"":""2027-02-20T19:20:00""},{""airline"":""AR"",""flightNumber"":1269,""origin"":""GIG"",""destination"":""AEP"",""departure"":""2027-02-20T21:15:00"",""arrival"":""2027-02-21T00:40:00""}]}}"
2026-09-01T00:42:09.016Z,aerolineas,bue-aep-gyn,AEP,GYN,2027-02-11,2027-02-21,3625,BRL,"{""out"":{""stops"":1,""totalDurationMin"":575,""segments"":[{""airline"":""AR"",""flightNumber"":1246,""origin"":""AEP"",""destination"":""GRU"",""departure"":""2027-02-11T13:45:00"",""arrival"":""2027-02-11T16:30:00""},{""airline"":""G3"",""flightNumber"":7630,""origin"":""GRU"",""destination"":""GYN"",""departure"":""2027-02-11T21:40:00"",""arrival"":""2027-02-11T23:20:00""}]},""in"":{""stops"":1,""totalDurationMin"":650,""segments"":[{""airline"":""G3"",""flightNumber"":2063,""origin"":""GYN"",""destination"":""GIG"",""departure"":""2027-02-21T17:40:00"",""arrival"":""2027-02-21T19:20:00""},{""airline"":""AR"",""flightNumber"":1271,""origin"":""GIG"",""destination"":""AEP"",""departure"":""2027-02-22T01:05:00"",""arrival"":""2027-02-22T04:30:00""}]}}"
2026-09-01T00:42:09.016Z,aerolineas,bue-aep-gyn,AEP,GYN,2027-02-12,2027-02-22,3502,BRL,"{""out"":{""stops"":1,""totalDurationMin"":1020,""segments"":[{""airline"":""AR"",""flightNumber"":1242,""origin"":""AEP"",""destination"":""GRU"",""departure"":""2027-02-12T06:20:00"",""arrival"":""2027-02-12T09:05:00""},{""airline"":""G3"",""flightNumber"":7630,""origin"":""GRU"",""destination"":""GYN"",""departure"":""2027-02-12T21:40:00"",""arrival"":""2027-02-12T23:20:00""}]},""in"":{""stops"":1,""totalDurationMin"":650,""segments"":[{""airline"":""G3"",""flightNumber"":2063,""origin"":""GYN"",""destination"":""GIG"",""departure"":""2027-02-22T17:40:00"",""arrival"":""2027-02-22T19:20:00""},{""airline"":""AR"",""flightNumber"":1271,""origin"":""GIG"",""destination"":""AEP"",""departure"":""2027-02-23T01:05:00"",""arrival"":""2027-02-23T04:30:00""}]}}"
2026-09-01T00:42:09.016Z,aerolineas,bue-aep-gyn,AEP,GYN,2027-02-13,2027-02-23,3630,BRL,"{""out"":{""stops"":1,""totalDurationMin"":575,""segments"":[{""airline"":""AR"",""flightNumber"":1246,""origin"":""AEP"",""destination"":""GRU"",""departure"":""2027-02-13T13:45:00"",""arrival"":""2027-02-13T16:30:00""},{""airline"":""G3"",""flightNumber"":7630,""origin"":""GRU"",""destination"":""GYN"",""departure"":""2027-02-13T21:40:00"",""arrival"":""2027-02-13T23:20:00""}]},""in"":{""stops"":1,""totalDurationMin"":880,""segments"":[{""airline"":""G3"",""flightNumber"":7524,""origin"":""GYN"",""destination"":""GRU"",""departure"":""2027-02-23T19:20:00"",""arrival"":""2027-02-23T21:15:00""},{""airline"":""AR"",""flightNumber"":1241,""origin"":""GRU"",""destination"":""AEP"",""departure"":""2027-02-24T07:00:00"",""arrival"":""2027-02-24T10:00:00""}]}}"
2026-09-01T00:42:09.016Z,aerolineas,bue-aep-gyn,AEP,GYN,2027-02-14,2027-02-24,3769,BRL,"{""out"":{""stops"":1,""totalDurationMin"":600,""segments"":[{""airline"":""AR"",""flightNumber"":1244,""origin"":""AEP"",""destination"":""GRU"",""departure"":""2027-02-14T08:40:00"",""arrival"":""2027-02-14T11:25:00""},{""airline"":""G3"",""flightNumber"":7510,""origin"":""GRU"",""destination"":""GYN"",""departure"":""2027-02-14T17:00:00"",""arrival"":""2027-02-14T18:40:00""}]},""in"":{""stops"":1,""totalDurationMin"":855,""segments"":[{""airline"":""LA"",""flightNumber"":8048,""origin"":""GYN"",""destination"":""GRU"",""departure"":""2027-02-24T19:45:00"",""arrival"":""2027-02-24T21:30:00""},{""airline"":""AR"",""flightNumber"":1241,""origin"":""GRU"",""destination"":""AEP"",""departure"":""2027-02-25T07:00:00"",""arrival"":""2027-02-25T10:00:00""}]}}"
2026-09-01T00:42:09.016Z,aerolineas,bue-aep-gyn,AEP,GYN,2027-02-15,2027-02-25,3908,BRL,"{""out"":{""stops"":1,""totalDurationMin"":400,""segments"":[{""airline"":""AR"",""flightNumber"":1250,""origin"":""AEP"",""destination"":""GRU"",""departure"":""2027-02-15T16:40:00"",""arrival"":""2027-02-15T19:25:00""},{""airline"":""G3"",""flightNumber"":7630,""origin"":""GRU"",""destination"":""GYN"",""departure"":""2027-02-15T21:40:00"",""arrival"":""2027-02-15T23:20:00""}]},""in"":{""stops"":1,""totalDurationMin"":855,""segments"":[{""airline"":""LA"",""flightNumber"":8074,""origin"":""GYN"",""destination"":""GRU"",""departure"":""2027-02-25T19:45:00"",""arrival"":""2027-02-25T21:30:00""},{""airline"":""AR"",""flightNumber"":1241,""origin"":""GRU"",""destination"":""AEP"",""departure"":""2027-02-26T07:00:00"",""arrival"":""2027-02-26T10:00:00""}]}}"
2026-09-01T00:42:09.016Z,aerolineas,bue-aep-gyn,AEP,GYN,2027-02-16,2027-02-26,3502,BRL,"{""out"":{""stops"":1,""totalDurationMin"":895,""segments"":[{""airline"":""AR"",""flightNumber"":1240,""origin"":""AEP"",""destination"":""GRU"",""departure"":""2027-02-16T20:00:00"",""arrival"":""2027-02-16T22:45:00""},{""airline"":""G3"",""flightNumber"":7546,""origin"":""GRU"",""destination"":""GYN"",""departure"":""2027-02-17T09:15:00"",""arrival"":""2027-02-17T10:55:00""}]},""in"":{""stops"":1,""totalDurationMin"":490,""segments"":[{""airline"":""G3"",""flightNumber"":2065,""origin"":""GYN"",""destination"":""GIG"",""departure"":""2027-02-26T05:10:00"",""arrival"":""2027-02-26T06:50:00""},{""airline"":""AR"",""flightNumber"":1261,""origin"":""GIG"",""destination"":""AEP"",""departure"":""2027-02-26T09:55:00"",""arrival"":""2027-02-26T13:20:00""}]}}"
2026-09-01T00:42:09.016Z,aerolineas,bue-aep-gyn,AEP,GYN,2027-02-17,2027-02-27,3652,BRL,"{""out"":{""stops"":1,""totalDurationMin"":985,""segments"":[{""airline"":""AR"",""flightNumber"":1242,""origin"":""AEP"",""destination"":""GRU"",""departure"":""2027-02-17T06:55:00"",""arrival"":""2027-02-17T09:40:00""},{""airline"":""G3"",""flightNumber"":7630,""origin"":""GRU"",""destination"":""GYN"",""departure"":""2027-02-17T21:40:00"",""arrival"":""2027-02-17T23:20:00""}]},""in"":{""stops"":1,""totalDurationMin"":460,""segments"":[{""airline"":""G3"",""flightNumber"":7679,""origin"":""GYN"",""destination"":""GRU"",""departure"":""2027-02-27T06:00:00"",""arrival"":""2027-02-27T07:40:00""},{""airline"":""AR"",""flightNumber"":1243,""origin"":""GRU"",""destination"":""AEP"",""departure"":""2027-02-27T10:40:00"",""arrival"":""2027-02-27T13:40:00""}]}}"
2026-09-01T00:42:09.016Z,aerolineas,bue-aep-gyn,AEP,GYN,2027-02-18,2027-02-28,3663,BRL,"{""out"":{""stops"":1,""totalDurationMin"":895,""segments"":[{""airline"":""AR"",""flightNumber"":1240,""origin"":""AEP"",""destination"":""GRU"",""departure"":""2027-02-18T20:00:00"",""arrival"":""2027-02-18T22:45:00""},{""airline"":""G3"",""flightNumber"":7546,""origin"":""GRU"",""destination"":""GYN"",""departure"":""2027-02-19T09:15:00"",""arrival"":""2027-02-19T10:55:00""}]},""in"":{""stops"":1,""totalDurationMin"":585,""segments"":[{""airline"":""LA"",""flightNumber"":8074,""origin"":""GYN"",""destination"":""GRU"",""departure"":""2027-02-28T13:55:00"",""arrival"":""2027-02-28T15:40:00""},{""airline"":""AR"",""flightNumber"":1251,""origin"":""GRU"",""destination"":""AEP"",""departure"":""2027-02-28T20:40:00"",""arrival"":""2027-02-28T23:40:00""}]}}"
2026-09-01T00:42:09.016Z,aerolineas,bue-aep-gyn,AEP,GYN,2027-02-19,2027-03-01,3312,BRL,"{""out"":{""stops"":1,""totalDurationMin"":740,""segments"":[{""airline"":""AR"",""flightNumber"":1242,""origin"":""AEP"",""destination"":""GRU"",""departure"":""2027-02-19T06:20:00"",""arrival"":""2027-02-19T09:05:00""},{""airline"":""G3"",""flightNumber"":7510,""origin"":""GRU"",""destination"":""GYN"",""departure"":""2027-02-19T17:00:00"",""arrival"":""2027-02-19T18:40:00""}]},""in"":{""stops"":1,""totalDurationMin"":650,""segments"":[{""airline"":""G3"",""flightNumber"":2063,""origin"":""GYN"",""destination"":""GIG"",""departure"":""2027-03-01T17:40:00"",""arrival"":""2027-03-01T19:20:00""},{""airline"":""AR"",""flightNumber"":1271,""origin"":""GIG"",""destination"":""AEP"",""departure"":""2027-03-02T01:05:00"",""arrival"":""2027-03-02T04:30:00""}]}}"
2026-09-01T00:42:09.016Z,aerolineas,bue-aep-gyn,AEP,GYN,2027-02-20,2027-03-02,3312,BRL,"{""out"":{""stops"":1,""totalDurationMin"":890,""segments"":[{""airline"":""AR"",""flightNumber"":1240,""origin"":""AEP"",""destination"":""GRU"",""departure"":""2027-02-20T20:00:00"",""arrival"":""2027-02-20T22:45:00""},{""airline"":""G3"",""flightNumber"":7546,""origin"":""GRU"",""destination"":""GYN"",""departure"":""2027-02-21T09:15:00"",""arrival"":""2027-02-21T10:50:00""}]},""in"":{""stops"":1,""totalDurationMin"":420,""segments"":[{""airline"":""G3"",""flightNumber"":2063,""origin"":""GYN"",""destination"":""GIG"",""departure"":""2027-03-02T17:40:00"",""arrival"":""2027-03-02T19:20:00""},{""airline"":""AR"",""flightNumber"":1269,""origin"":""GIG"",""destination"":""AEP"",""departure"":""2027-03-02T21:15:00"",""arrival"":""2027-03-03T00:40:00""}]}}"
2026-09-01T00:42:09.016Z,aerolineas,bue-aep-gyn,AEP,GYN,2027-02-21,2027-03-03,3241,BRL,"{""out"":{""stops"":1,""totalDurationMin"":590,""segments"":[{""airline"":""AR"",""flightNumber"":1246,""origin"":""AEP"",""destination"":""GRU"",""departure"":""2027-02-21T13:45:00"",""arrival"":""2027-02-21T16:30:00""},{""airline"":""G3"",""flightNumber"":7630,""origin"":""GRU"",""destination"":""GYN"",""departure"":""2027-02-21T21:55:00"",""arrival"":""2027-02-21T23:35:00""}]},""in"":{""stops"":1,""totalDurationMin"":510,""segments"":[{""airline"":""G3"",""flightNumber"":2065,""origin"":""GYN"",""destination"":""GIG"",""departure"":""2027-03-03T05:10:00"",""arrival"":""2027-03-03T06:50:00""},{""airline"":""AR"",""flightNumber"":1261,""origin"":""GIG"",""destination"":""AEP"",""departure"":""2027-03-03T10:15:00"",""arrival"":""2027-03-03T13:40:00""}]}}"
2026-09-01T00:42:09.016Z,aerolineas,bue-aep-gyn,AEP,GYN,2027-02-22,2027-03-04,3241,BRL,"{""out"":{""stops"":1,""totalDurationMin"":740,""segments"":[{""airline"":""AR"",""flightNumber"":1242,""origin"":""AEP"",""destination"":""GRU"",""departure"":""2027-02-22T06:20:00"",""arrival"":""2027-02-22T09:05:00""},{""airline"":""G3"",""flightNumber"":7510,""origin"":""GRU"",""destination"":""GYN"",""departure"":""2027-02-22T17:00:00"",""arrival"":""2027-02-22T18:40:00""}]},""in"":{""stops"":1,""totalDurationMin"":490,""segments"":[{""airline"":""G3"",""flightNumber"":2065,""origin"":""GYN"",""destination"":""GIG"",""departure"":""2027-03-04T05:10:00"",""arrival"":""2027-03-04T06:50:00""},{""airline"":""AR"",""flightNumber"":1261,""origin"":""GIG"",""destination"":""AEP"",""departure"":""2027-03-04T09:55:00"",""arrival"":""2027-03-04T13:20:00""}]}}"
2026-09-01T00:42:09.016Z,aerolineas,bue-aep-gyn,AEP,GYN,2027-02-23,2027-03-05,3246,BRL,"{""out"":{""stops"":1,""totalDurationMin"":995,""segments"":[{""airline"":""AR"",""flightNumber"":1268,""origin"":""AEP"",""destination"":""GIG"",""departure"":""2027-02-23T17:30:00"",""arrival"":""2027-02-23T20:25:00""},{""airline"":""G3"",""flightNumber"":2060,""origin"":""GIG"",""destination"":""GYN"",""departure"":""2027-02-24T08:25:00"",""arrival"":""2027-02-24T10:05:00""}]},""in"":{""stops"":1,""totalDurationMin"":460,""segments"":[{""airline"":""G3"",""flightNumber"":1495,""origin"":""GYN"",""destination"":""GRU"",""departure"":""2027-03-05T06:00:00"",""arrival"":""2027-03-05T07:50:00""},{""airline"":""AR"",""flightNumber"":1243,""origin"":""GRU"",""destination"":""AEP"",""departure"":""2027-03-05T10:40:00"",""arrival"":""2027-03-05T13:40:00""}]}}"
2026-09-01T00:42:09.016Z,aerolineas,bue-aep-gyn,AEP,GYN,2027-02-24,2027-03-06,3241,BRL,"{""out"":{""stops"":1,""totalDurationMin"":705,""segments"":[{""airline"":""AR"",""flightNumber"":1242,""origin"":""AEP"",""destination"":""GRU"",""departure"":""2027-02-24T06:55:00"",""arrival"":""2027-02-24T09:40:00""},{""airline"":""G3"",""flightNumber"":7510,""origin"":""GRU"",""destination"":""GYN"",""departure"":""2027-02-24T17:00:00"",""arrival"":""2027-02-24T18:40:00""}]},""in"":{""stops"":1,""totalDurationMin"":490,""segments"":[{""airline"":""G3"",""flightNumber"":2065,""origin"":""GYN"",""destination"":""GIG"",""departure"":""2027-03-06T05:10:00"",""arrival"":""2027-03-06T06:50:00""},{""airline"":""AR"",""flightNumber"":1261,""origin"":""GIG"",""destination"":""AEP"",""departure"":""2027-03-06T09:55:00"",""arrival"":""2027-03-06T13:20:00""}]}}"
2026-09-01T00:42:09.016Z,aerolineas,bue-aep-gyn,AEP,GYN,2027-02-25,2027-03-07,3241,BRL,"{""out"":{""stops"":1,""totalDurationMin"":575,""segments"":[{""airline"":""AR"",""flightNumber"":1246,""origin"":""AEP"",""destination"":""GRU"",""departure"":""2027-02-25T13:45:00"",""arrival"":""2027-02-25T16:30:00""},{""airline"":""G3"",""flightNumber"":7630,""origin"":""GRU"",""destination"":""GYN"",""departure"":""2027-02-25T21:40:00"",""arrival"":""2027-02-25T23:20:00""}]},""in"":{""stops"":1,""totalDurationMin"":650,""segments"":[{""airline"":""G3"",""flightNumber"":2063,""origin"":""GYN"",""destination"":""GIG"",""departure"":""2027-03-07T17:40:00"",""arrival"":""2027-03-07T19:20:00""},{""airline"":""AR"",""flightNumber"":1271,""origin"":""GIG"",""destination"":""AEP"",""departure"":""2027-03-08T01:05:00"",""arrival"":""2027-03-08T04:30:00""}]}}"
2026-09-01T00:42:09.016Z,aerolineas,bue-aep-gyn,AEP,GYN,2027-02-26,2027-03-08,3241,BRL,"{""out"":{""stops"":1,""totalDurationMin"":995,""segments"":[{""airline"":""AR"",""flightNumber"":1268,""origin"":""AEP"",""destination"":""GIG"",""departure"":""2027-02-26T17:30:00"",""arrival"":""2027-02-26T20:25:00""},{""airline"":""G3"",""flightNumber"":2060,""origin"":""GIG"",""destination"":""GYN"",""departure"":""2027-02-27T08:25:00"",""arrival"":""2027-02-27T10:05:00""}]},""in"":{""stops"":1,""totalDurationMin"":490,""segments"":[{""airline"":""G3"",""flightNumber"":2065,""origin"":""GYN"",""destination"":""GIG"",""departure"":""2027-03-08T05:10:00"",""arrival"":""2027-03-08T06:50:00""},{""airline"":""AR"",""flightNumber"":1261,""origin"":""GIG"",""destination"":""AEP"",""departure"":""2027-03-08T09:55:00"",""arrival"":""2027-03-08T13:20:00""}]}}"
2026-09-01T00:42:09.016Z,aerolineas,bue-aep-gyn,AEP,GYN,2027-02-27,2027-03-09,3369,BRL,"{""out"":{""stops"":1,""totalDurationMin"":575,""segments"":[{""airline"":""AR"",""flightNumber"":1262,""origin"":""AEP"",""destination"":""GIG"",""departure"":""2027-02-27T07:20:00"",""arrival"":""2027-02-27T10:15:00""},{""airline"":""G3"",""flightNumber"":2062,""origin"":""GIG"",""destination"":""GYN"",""departure"":""2027-02-27T15:10:00"",""arrival"":""2027-02-27T16:55:00""}]},""in"":{""stops"":1,""totalDurationMin"":535,""segments"":[{""airline"":""G3"",""flightNumber"":7631,""origin"":""GYN"",""destination"":""GRU"",""departure"":""2027-03-09T11:35:00"",""arrival"":""2027-03-09T13:15:00""},{""airline"":""AR"",""flightNumber"":1247,""origin"":""GRU"",""destination"":""AEP"",""departure"":""2027-03-09T17:30:00"",""arrival"":""2027-03-09T20:30:00""}]}}"
2026-09-01T00:42:09.016Z,aerolineas,bue-aep-gyn,AEP,GYN,2027-02-28,2027-03-10,3241,BRL,"{""out"":{""stops"":1,""totalDurationMin"":590,""segments"":[{""airline"":""AR"",""flightNumber"":1246,""origin"":""AEP"",""destination"":""GRU"",""departure"":""2027-02-28T13:45:00"",""arrival"":""2027-02-28T16:30:00""},{""airline"":""G3"",""flightNumber"":7630,""origin"":""GRU"",""destination"":""GYN"",""departure"":""2027-02-28T21:55:00"",""arrival"":""2027-02-28T23:35:00""}]},""in"":{""stops"":1,""totalDurationMin"":650,""segments"":[{""airline"":""G3"",""flightNumber"":2063,""origin"":""GYN"",""destination"":""GIG"",""departure"":""2027-03-10T17:40:00"",""arrival"":""2027-03-10T19:20:00""},{""airline"":""AR"",""flightNumber"":1271,""origin"":""GIG"",""destination"":""AEP"",""departure"":""2027-03-11T01:05:00"",""arrival"":""2027-03-11T04:30:00""}]}}"
2026-09-01T00:43:07.328Z,aerolineas,bue-aep-bsb,AEP,BSB,2027-01-01,2027-01-11,2175,BRL,precio de una sola pierna (falta la otra en el calendario)
2026-09-01T00:43:07.328Z,aerolineas,bue-aep-bsb,AEP,BSB,2027-01-02,2027-01-12,2987,BRL,precio de una sola pierna (falta la otra en el calendario)
2026-09-01T00:43:07.328Z,aerolineas,bue-aep-bsb,AEP,BSB,2027-01-03,2027-01-13,2987,BRL,precio de una sola pierna (falta la otra en el calendario)
2026-09-01T00:43:07.328Z,aerolineas,bue-aep-bsb,AEP,BSB,2027-01-04,2027-01-14,2987,BRL,precio de una sola pierna (falta la otra en el calendario)
2026-09-01T00:43:07.328Z,aerolineas,bue-aep-bsb,AEP,BSB,2027-01-05,2027-01-15,2175,BRL,precio de una sola pierna (falta la otra en el calendario)
2026-09-01T00:43:07.328Z,aerolineas,bue-aep-bsb,AEP,BSB,2027-01-06,2027-01-16,3836,BRL,"{""out"":{""stops"":1,""totalDurationMin"":405,""segments"":[{""airline"":""AR"",""flightNumber"":1250,""origin"":""AEP"",""destination"":""GRU"",""departure"":""2027-01-06T16:40:00"",""arrival"":""2027-01-06T19:25:00""},{""airline"":""G3"",""flightNumber"":7506,""origin"":""GRU"",""destination"":""BSB"",""departure"":""2027-01-06T21:40:00"",""arrival"":""2027-01-06T23:25:00""}]},""in"":{""stops"":1,""totalDurationMin"":780,""segments"":[{""airline"":""G3"",""flightNumber"":7459,""origin"":""BSB"",""destination"":""GRU"",""departure"":""2027-01-16T21:00:00"",""arrival"":""2027-01-16T22:45:00""},{""airline"":""AR"",""flightNumber"":1241,""origin"":""GRU"",""destination"":""AEP"",""departure"":""2027-01-17T07:00:00"",""arrival"":""2027-01-17T10:00:00""}]}}"
2026-09-01T00:43:07.328Z,aerolineas,bue-aep-bsb,AEP,BSB,2027-01-07,2027-01-17,3888,BRL,"{""out"":{""stops"":1,""totalDurationMin"":380,""segments"":[{""airline"":""AR"",""flightNumber"":1246,""origin"":""AEP"",""destination"":""GRU"",""departure"":""2027-01-07T13:45:00"",""arrival"":""2027-01-07T16:30:00""},{""airline"":""G3"",""flightNumber"":7503,""origin"":""GRU"",""destination"":""BSB"",""departure"":""2027-01-07T18:25:00"",""arrival"":""2027-01-07T20:05:00""}]},""in"":{""stops"":1,""totalDurationMin"":655,""segments"":[{""airline"":""G3"",""flightNumber"":7659,""origin"":""BSB"",""destination"":""CWB"",""departure"":""2027-01-17T09:05:00"",""arrival"":""2027-01-17T11:05:00""},{""airline"":""AR"",""flightNumber"":1229,""origin"":""CWB"",""destination"":""AEP"",""departure"":""2027-01-17T17:30:00"",""arrival"":""2027-01-17T20:00:00""}]}}"
2026-09-01T00:43:07.328Z,aerolineas,bue-aep-bsb,AEP,BSB,2027-01-08,2027-01-18,3731,BRL,"{""out"":{""stops"":1,""totalDurationMin"":700,""segments"":[{""airline"":""AR"",""flightNumber"":1240,""origin"":""AEP"",""destination"":""GRU"",""departure"":""2027-01-08T20:00:00"",""arrival"":""2027-01-08T22:45:00""},{""airline"":""G3"",""flightNumber"":7454,""origin"":""GRU"",""destination"":""BSB"",""departure"":""2027-01-09T06:00:00"",""arrival"":""2027-01-09T07:40:00""}]},""in"":{""stops"":1,""totalDurationMin"":745,""segments"":[{""airline"":""G3"",""flightNumber"":7459,""origin"":""BSB"",""destination"":""GRU"",""departure"":""2027-01-18T21:35:00"",""arrival"":""2027-01-18T23:15:00""},{""airline"":""AR"",""flightNumber"":1241,""origin"":""GRU"",""destination"":""AEP"",""departure"":""2027-01-19T07:00:00"",""arrival"":""2027-01-19T10:00:00""}]}}"
2026-09-01T00:43:07.328Z,aerolineas,bue-aep-bsb,AEP,BSB,2027-01-09,2027-01-19,3870,BRL,"{""out"":{""stops"":1,""totalDurationMin"":715,""segments"":[{""airline"":""AR"",""flightNumber"":1242,""origin"":""AEP"",""destination"":""GRU"",""departure"":""2027-01-09T06:20:00"",""arrival"":""2027-01-09T09:05:00""},{""airline"":""G3"",""flightNumber"":7642,""origin"":""GRU"",""destination"":""BSB"",""departure"":""2027-01-09T16:35:00"",""arrival"":""2027-01-09T18:15:00""}]},""in"":{""stops"":1,""totalDurationMin"":530,""segments"":[{""airline"":""G3"",""flightNumber"":7457,""origin"":""BSB"",""destination"":""GRU"",""departure"":""2027-01-19T11:40:00"",""arrival"":""2027-01-19T13:25:00""},{""airline"":""AR"",""flightNumber"":1247,""origin"":""GRU"",""destination"":""AEP"",""departure"":""2027-01-19T17:30:00"",""arrival"":""2027-01-19T20:30:00""}]}}"
2026-09-01T00:43:07.328Z,aerolineas,bue-aep-bsb,AEP,BSB,2027-01-10,2027-01-20,4148,BRL,"{""out"":{""stops"":1,""totalDurationMin"":590,""segments"":[{""airline"":""AR"",""flightNumber"":1246,""origin"":""AEP"",""destination"":""GRU"",""departure"":""2027-01-10T13:45:00"",""arrival"":""2027-01-10T16:30:00""},{""airline"":""G3"",""flightNumber"":7506,""origin"":""GRU"",""destination"":""BSB"",""departure"":""2027-01-10T21:55:00"",""arrival"":""2027-01-10T23:35:00""}]},""in"":{""stops"":1,""totalDurationMin"":455,""segments"":[{""airline"":""LA"",""flightNumber"":8031,""origin"":""BSB"",""destination"":""GRU"",""departure"":""2027-01-20T06:45:00"",""arrival"":""2027-01-20T08:30:00""},{""airline"":""AR"",""flightNumber"":1243,""origin"":""GRU"",""destination"":""AEP"",""departure"":""2027-01-20T11:20:00"",""arrival"":""2027-01-20T14:20:00""}]}}"
2026-09-01T00:43:07.328Z,aerolineas,bue-aep-bsb,AEP,BSB,2027-01-11,2027-01-21,3870,BRL,"{""out"":{""stops"":1,""totalDurationMin"":405,""segments"":[{""airline"":""AR"",""flightNumber"":1250,""origin"":""AEP"",""destination"":""GRU"",""departure"":""2027-01-11T16:40:00"",""arrival"":""2027-01-11T19:25:00""},{""airline"":""G3"",""flightNumber"":7506,""origin"":""GRU"",""destination"":""BSB"",""departure"":""2027-01-11T21:40:00"",""arrival"":""2027-01-11T23:25:00""}]},""in"":{""stops"":1,""totalDurationMin"":530,""segments"":[{""airline"":""G3"",""flightNumber"":7457,""origin"":""BSB"",""destination"":""GRU"",""departure"":""2027-01-21T11:40:00"",""arrival"":""2027-01-21T13:25:00""},{""airline"":""AR"",""flightNumber"":1247,""origin"":""GRU"",""destination"":""AEP"",""departure"":""2027-01-21T17:30:00"",""arrival"":""2027-01-21T20:30:00""}]}}"
2026-09-01T00:43:07.328Z,aerolineas,bue-aep-bsb,AEP,BSB,2027-01-12,2027-01-22,3870,BRL,"{""out"":{""stops"":1,""totalDurationMin"":705,""segments"":[{""airline"":""AR"",""flightNumber"":1240,""origin"":""AEP"",""destination"":""GRU"",""departure"":""2027-01-12T20:00:00"",""arrival"":""2027-01-12T22:45:00""},{""airline"":""G3"",""flightNumber"":7454,""origin"":""GRU"",""destination"":""BSB"",""departure"":""2027-01-13T06:00:00"",""arrival"":""2027-01-13T07:45:00""}]},""in"":{""stops"":1,""totalDurationMin"":640,""segments"":[{""airline"":""G3"",""flightNumber"":7455,""origin"":""BSB"",""destination"":""GRU"",""departure"":""2027-01-22T05:40:00"",""arrival"":""2027-01-22T07:20:00""},{""airline"":""AR"",""flightNumber"":1245,""origin"":""GRU"",""destination"":""AEP"",""departure"":""2027-01-22T13:20:00"",""arrival"":""2027-01-22T16:20:00""}]}}"
2026-09-01T00:43:07.328Z,aerolineas,bue-aep-bsb,AEP,BSB,2027-01-13,2027-01-23,3738,BRL,"{""out"":{""stops"":1,""totalDurationMin"":810,""segments"":[{""airline"":""AR"",""flightNumber"":1226,""origin"":""AEP"",""destination"":""CWB"",""departure"":""2027-01-13T05:50:00"",""arrival"":""2027-01-13T08:00:00""},{""airline"":""G3"",""flightNumber"":7658,""origin"":""CWB"",""destination"":""BSB"",""departure"":""2027-01-13T17:20:00"",""arrival"":""2027-01-13T19:20:00""}]},""in"":{""stops"":1,""totalDurationMin"":475,""segments"":[{""airline"":""G3"",""flightNumber"":7455,""origin"":""BSB"",""destination"":""GRU"",""departure"":""2027-01-23T05:45:00"",""arrival"":""2027-01-23T07:35:00""},{""airline"":""AR"",""flightNumber"":1243,""origin"":""GRU"",""destination"":""AEP"",""departure"":""2027-01-23T10:40:00"",""arrival"":""2027-01-23T13:40:00""}]}}"
2026-09-01T00:43:07.328Z,aerolineas,bue-aep-bsb,AEP,BSB,2027-01-14,2027-01-24,3870,BRL,"{""out"":{""stops"":1,""totalDurationMin"":380,""segments"":[{""airline"":""AR"",""flightNumber"":1246,""origin"":""AEP"",""destination"":""GRU"",""departure"":""2027-01-14T13:45:00"",""arrival"":""2027-01-14T16:30:00""},{""airline"":""G3"",""flightNumber"":7503,""origin"":""GRU"",""destination"":""BSB"",""departure"":""2027-01-14T18:25:00"",""arrival"":""2027-01-14T20:05:00""}]},""in"":{""stops"":1,""totalDurationMin"":575,""segments"":[{""airline"":""G3"",""flightNumber"":7455,""origin"":""BSB"",""destination"":""GRU"",""departure"":""2027-01-24T06:05:00"",""arrival"":""2027-01-24T07:55:00""},{""airline"":""AR"",""flightNumber"":1245,""origin"":""GRU"",""destination"":""AEP"",""departure"":""2027-01-24T12:40:00"",""arrival"":""2027-01-24T15:40:00""}]}}"
2026-09-01T00:43:07.328Z,aerolineas,bue-aep-bsb,AEP,BSB,2027-01-15,2027-01-25,3738,BRL,"{""out"":{""stops"":1,""totalDurationMin"":830,""segments"":[{""airline"":""AR"",""flightNumber"":1226,""origin"":""AEP"",""destination"":""CWB"",""departure"":""2027-01-15T05:30:00"",""arrival"":""2027-01-15T07:40:00""},{""airline"":""G3"",""flightNumber"":7658,""origin"":""CWB"",""destination"":""BSB"",""departure"":""2027-01-15T17:20:00"",""arrival"":""2027-01-15T19:20:00""}]},""in"":{""stops"":1,""totalDurationMin"":745,""segments"":[{""airline"":""G3"",""flightNumber"":7459,""origin"":""BSB"",""destination"":""GRU"",""departure"":""2027-01-25T21:35:00"",""arrival"":""2027-01-25T23:15:00""},{""airline"":""AR"",""flightNumber"":1241,""origin"":""GRU"",""destination"":""AEP"",""departure"":""2027-01-26T07:00:00"",""arrival"":""2027-01-26T10:00:00""}]}}"
2026-09-01T00:43:07.328Z,aerolineas,bue-aep-bsb,AEP,BSB,2027-01-16,2027-01-26,3870,BRL,"{""out"":{""stops"":1,""totalDurationMin"":715,""segments"":[{""airline"":""AR"",""flightNumber"":1242,""origin"":""AEP"",""destination"":""GRU"",""departure"":""2027-01-16T06:20:00"",""arrival"":""2027-01-16T09:05:00""},{""airline"":""G3"",""flightNumber"":7642,""origin"":""GRU"",""destination"":""BSB"",""departure"":""2027-01-16T16:35:00"",""arrival"":""2027-01-16T18:15:00""}]},""in"":{""stops"":1,""totalDurationMin"":530,""segments"":[{""airline"":""G3"",""flightNumber"":7457,""origin"":""BSB"",""destination"":""GRU"",""departure"":""2027-01-26T11:40:00"",""arrival"":""2027-01-26T13:25:00""},{""airline"":""AR"",""flightNumber"":1247,""origin"":""GRU"",""destination"":""AEP"",""departure"":""2027-01-26T17:30:00"",""arrival"":""2027-01-26T20:30:00""}]}}"
2026-09-01T00:43:07.328Z,aerolineas,bue-aep-bsb,AEP,BSB,2027-01-17,2027-01-27,4293,BRL,"{""out"":{""stops"":1,""totalDurationMin"":415,""segments"":[{""airline"":""AR"",""flightNumber"":1250,""origin"":""AEP"",""destination"":""GRU"",""departure"":""2027-01-17T16:40:00"",""arrival"":""2027-01-17T19:25:00""},{""airline"":""G3"",""flightNumber"":7506,""origin"":""GRU"",""destination"":""BSB"",""departure"":""2027-01-17T21:55:00"",""arrival"":""2027-01-17T23:35:00""}]},""in"":{""stops"":1,""totalDurationMin"":455,""segments"":[{""airline"":""LA"",""flightNumber"":8031,""origin"":""BSB"",""destination"":""GRU"",""departure"":""2027-01-27T06:45:00"",""arrival"":""2027-01-27T08:30:00""},{""airline"":""AR"",""flightNumber"":1243,""origin"":""GRU"",""destination"":""AEP"",""departure"":""2027-01-27T11:20:00"",""arrival"":""2027-01-27T14:20:00""}]}}"
2026-09-01T00:43:07.328Z,aerolineas,bue-aep-bsb,AEP,BSB,2027-01-18,2027-01-28,3883,BRL,"{""out"":{""stops"":1,""totalDurationMin"":820,""segments"":[{""airline"":""AR"",""flightNumber"":1226,""origin"":""AEP"",""destination"":""CWB"",""departure"":""2027-01-18T05:40:00"",""arrival"":""2027-01-18T07:50:00""},{""airline"":""G3"",""flightNumber"":7658,""origin"":""CWB"",""destination"":""BSB"",""departure"":""2027-01-18T17:20:00"",""arrival"":""2027-01-18T19:20:00""}]},""in"":{""stops"":1,""totalDurationMin"":480,""segments"":[{""airline"":""G3"",""flightNumber"":7455,""origin"":""BSB"",""destination"":""GRU"",""departure"":""2027-01-28T05:40:00"",""arrival"":""2027-01-28T07:20:00""},{""airline"":""AR"",""flightNumber"":1243,""origin"":""GRU"",""destination"":""AEP"",""departure"":""2027-01-28T10:40:00"",""arrival"":""2027-01-28T13:40:00""}]}}"
2026-09-01T00:43:07.328Z,aerolineas,bue-aep-bsb,AEP,BSB,2027-01-19,2027-01-29,3870,BRL,"{""out"":{""stops"":1,""totalDurationMin"":380,""segments"":[{""airline"":""AR"",""flightNumber"":1246,""origin"":""AEP"",""destination"":""GRU"",""departure"":""2027-01-19T13:45:00"",""arrival"":""2027-01-19T16:30:00""},{""airline"":""G3"",""flightNumber"":7503,""origin"":""GRU"",""destination"":""BSB"",""departure"":""2027-01-19T18:25:00"",""arrival"":""2027-01-19T20:05:00""}]},""in"":{""stops"":1,""totalDurationMin"":745,""segments"":[{""airline"":""G3"",""flightNumber"":7459,""origin"":""BSB"",""destination"":""GRU"",""departure"":""2027-01-29T21:35:00"",""arrival"":""2027-01-29T23:15:00""},{""airline"":""AR"",""flightNumber"":1241,""origin"":""GRU"",""destination"":""AEP"",""departure"":""2027-01-30T07:00:00"",""arrival"":""2027-01-30T10:00:00""}]}}"
2026-09-01T00:43:07.328Z,aerolineas,bue-aep-bsb,AEP,BSB,2027-01-20,2027-01-30,3870,BRL,"{""out"":{""stops"":1,""totalDurationMin"":705,""segments"":[{""airline"":""AR"",""flightNumber"":1240,""origin"":""AEP"",""destination"":""GRU"",""departure"":""2027-01-20T20:00:00"",""arrival"":""2027-01-20T22:45:00""},{""airline"":""G3"",""flightNumber"":7454,""origin"":""GRU"",""destination"":""BSB"",""departure"":""2027-01-21T06:00:00"",""arrival"":""2027-01-21T07:45:00""}]},""in"":{""stops"":1,""totalDurationMin"":895,""segments"":[{""airline"":""G3"",""flightNumber"":7401,""origin"":""BSB"",""destination"":""GRU"",""departure"":""2027-01-30T19:05:00"",""arrival"":""2027-01-30T20:55:00""},{""airline"":""AR"",""flightNumber"":1241,""origin"":""GRU"",""destination"":""AEP"",""departure"":""2027-01-31T07:00:00"",""arrival"":""2027-01-31T10:00:00""}]}}"
2026-09-01T00:43:07.328Z,aerolineas,bue-aep-bsb,AEP,BSB,2027-01-21,2027-01-31,3725,BRL,"{""out"":{""stops"":1,""totalDurationMin"":405,""segments"":[{""airline"":""AR"",""flightNumber"":1250,""origin"":""AEP"",""destination"":""GRU"",""departure"":""2027-01-21T16:40:00"",""arrival"":""2027-01-21T19:25:00""},{""airline"":""G3"",""flightNumber"":7506,""origin"":""GRU"",""destination"":""BSB"",""departure"":""2027-01-21T21:40:00"",""arrival"":""2027-01-21T23:25:00""}]},""in"":{""stops"":1,""totalDurationMin"":780,""segments"":[{""airline"":""G3"",""flightNumber"":7459,""origin"":""BSB"",""destination"":""GRU"",""departure"":""2027-01-31T21:00:00"",""arrival"":""2027-01-31T22:45:00""},{""airline"":""AR"",""flightNumber"":1241,""origin"":""GRU"",""destination"":""AEP"",""departure"":""2027-02-01T07:00:00"",""arrival"":""2027-02-01T10:00:00""}]}}"
2026-09-01T00:43:07.328Z,aerolineas,bue-aep-bsb,AEP,BSB,2027-01-22,2027-02-01,2175,BRL,precio de una sola pierna (falta la otra en el calendario)
2026-09-01T00:43:07.328Z,aerolineas,bue-aep-bsb,AEP,BSB,2027-01-23,2027-02-02,2175,BRL,precio de una sola pierna (falta la otra en el calendario)
2026-09-01T00:43:07.328Z,aerolineas,bue-aep-bsb,AEP,BSB,2027-01-24,2027-02-03,2030,BRL,precio de una sola pierna (falta la otra en el calendario)
2026-09-01T00:43:07.328Z,aerolineas,bue-aep-bsb,AEP,BSB,2027-01-25,2027-02-04,2030,BRL,precio de una sola pierna (falta la otra en el calendario)
2026-09-01T00:43:07.328Z,aerolineas,bue-aep-bsb,AEP,BSB,2027-01-26,2027-02-05,2030,BRL,precio de una sola pierna (falta la otra en el calendario)
2026-09-01T00:43:07.328Z,aerolineas,bue-aep-bsb,AEP,BSB,2027-01-27,2027-02-06,1891,BRL,precio de una sola pierna (falta la otra en el calendario)
2026-09-01T00:43:07.328Z,aerolineas,bue-aep-bsb,AEP,BSB,2027-01-28,2027-02-07,1891,BRL,precio de una sola pierna (falta la otra en el calendario)
2026-09-01T00:43:07.328Z,aerolineas,bue-aep-bsb,AEP,BSB,2027-01-29,2027-02-08,2030,BRL,precio de una sola pierna (falta la otra en el calendario)
2026-09-01T00:43:07.328Z,aerolineas,bue-aep-bsb,AEP,BSB,2027-01-30,2027-02-09,2175,BRL,precio de una sola pierna (falta la otra en el calendario)
2026-09-01T00:43:07.328Z,aerolineas,bue-aep-bsb,AEP,BSB,2027-01-31,2027-02-10,2030,BRL,precio de una sola pierna (falta la otra en el calendario)
2026-09-01T00:45:58.792Z,aerolineas,luq-bue,LUQ,AEP,2026-12-18,2026-12-28,1494,BRL,"{""out"":{""stops"":0,""totalDurationMin"":80,""segments"":[{""airline"":""AR"",""flightNumber"":1601,""origin"":""LUQ"",""destination"":""AEP"",""departure"":""2026-12-18T22:05:00"",""arrival"":""2026-12-18T23:25:00""}]},""in"":{""stops"":0,""totalDurationMin"":100,""segments"":[{""airline"":""AR"",""flightNumber"":1600,""origin"":""AEP"",""destination"":""LUQ"",""departure"":""2026-12-28T18:30:00"",""arrival"":""2026-12-28T20:10:00""}]}}"
2026-09-01T00:45:58.792Z,aerolineas,luq-bue,LUQ,AEP,2026-12-19,2026-12-29,1494,BRL,"{""out"":{""stops"":0,""totalDurationMin"":80,""segments"":[{""airline"":""AR"",""flightNumber"":1597,""origin"":""LUQ"",""destination"":""AEP"",""departure"":""2026-12-19T12:45:00"",""arrival"":""2026-12-19T14:05:00""}]},""in"":{""stops"":0,""totalDurationMin"":100,""segments"":[{""airline"":""AR"",""flightNumber"":1600,""origin"":""AEP"",""destination"":""LUQ"",""departure"":""2026-12-29T19:00:00"",""arrival"":""2026-12-29T20:40:00""}]}}"
2026-09-01T00:45:58.792Z,aerolineas,luq-bue,LUQ,AEP,2026-12-20,2026-12-30,1712,BRL,"{""out"":{""stops"":0,""totalDurationMin"":80,""segments"":[{""airline"":""AR"",""flightNumber"":1601,""origin"":""LUQ"",""destination"":""AEP"",""departure"":""2026-12-20T22:00:00"",""arrival"":""2026-12-20T23:20:00""}]},""in"":{""stops"":0,""totalDurationMin"":100,""segments"":[{""airline"":""AR"",""flightNumber"":1600,""origin"":""AEP"",""destination"":""LUQ"",""departure"":""2026-12-30T19:00:00"",""arrival"":""2026-12-30T20:40:00""}]}}"
2026-09-01T00:45:58.792Z,aerolineas,luq-bue,LUQ,AEP,2026-12-21,2026-12-31,1287,BRL,"{""out"":{""stops"":0,""totalDurationMin"":80,""segments"":[{""airline"":""AR"",""flightNumber"":1601,""origin"":""LUQ"",""destination"":""AEP"",""departure"":""2026-12-21T20:40:00"",""arrival"":""2026-12-21T22:00:00""}]},""in"":{""stops"":0,""totalDurationMin"":100,""segments"":[{""airline"":""AR"",""flightNumber"":1600,""origin"":""AEP"",""destination"":""LUQ"",""departure"":""2026-12-31T19:10:00"",""arrival"":""2026-12-31T20:50:00""}]}}"
2026-09-01T00:45:58.792Z,aerolineas,luq-bue,LUQ,AEP,2026-12-22,2027-01-01,609,BRL,precio de una sola pierna (falta la otra en el calendario)
2026-09-01T00:45:58.792Z,aerolineas,luq-bue,LUQ,AEP,2026-12-23,2027-01-02,609,BRL,precio de una sola pierna (falta la otra en el calendario)
2026-09-01T00:45:58.792Z,aerolineas,luq-bue,LUQ,AEP,2026-12-24,2027-01-03,609,BRL,precio de una sola pierna (falta la otra en el calendario)
2026-09-01T00:45:58.792Z,aerolineas,luq-bue,LUQ,AEP,2026-12-25,2027-01-04,609,BRL,precio de una sola pierna (falta la otra en el calendario)
2026-09-01T00:45:58.792Z,aerolineas,luq-bue,LUQ,AEP,2026-12-26,2027-01-05,885,BRL,precio de una sola pierna (falta la otra en el calendario)
2026-09-01T00:45:58.792Z,aerolineas,luq-bue,LUQ,AEP,2026-12-27,2027-01-06,1218,BRL,precio de una sola pierna (falta la otra en el calendario)
2026-09-01T00:45:58.792Z,aerolineas,luq-bue,LUQ,AEP,2026-12-28,2027-01-07,885,BRL,precio de una sola pierna (falta la otra en el calendario)
2026-09-01T00:45:58.792Z,aerolineas,luq-bue,LUQ,AEP,2026-12-29,2027-01-08,609,BRL,precio de una sola pierna (falta la otra en el calendario)
2026-09-01T00:45:58.792Z,aerolineas,luq-bue,LUQ,AEP,2026-12-30,2027-01-09,678,BRL,precio de una sola pierna (falta la otra en el calendario)
2026-09-01T00:45:58.792Z,aerolineas,luq-bue,LUQ,AEP,2027-01-01,2027-01-11,609,BRL,precio de una sola pierna (falta la otra en el calendario)
2026-09-01T00:45:58.792Z,aerolineas,luq-bue,LUQ,AEP,2027-01-02,2027-01-12,885,BRL,precio de una sola pierna (falta la otra en el calendario)
2026-09-01T00:45:58.792Z,aerolineas,luq-bue,LUQ,AEP,2027-01-03,2027-01-13,885,BRL,precio de una sola pierna (falta la otra en el calendario)
2026-09-01T00:45:58.792Z,aerolineas,luq-bue,LUQ,AEP,2027-01-04,2027-01-14,885,BRL,precio de una sola pierna (falta la otra en el calendario)
2026-09-01T00:45:58.792Z,aerolineas,luq-bue,LUQ,AEP,2027-01-05,2027-01-15,609,BRL,precio de una sola pierna (falta la otra en el calendario)
2026-09-01T00:45:58.792Z,aerolineas,luq-bue,LUQ,AEP,2027-01-06,2027-01-16,609,BRL,precio de una sola pierna (falta la otra en el calendario)
2026-09-01T00:45:58.792Z,aerolineas,luq-bue,LUQ,AEP,2027-01-07,2027-01-17,1287,BRL,"{""out"":{""stops"":0,""totalDurationMin"":80,""segments"":[{""airline"":""AR"",""flightNumber"":1601,""origin"":""LUQ"",""destination"":""EZE"",""departure"":""2027-01-07T22:00:00"",""arrival"":""2027-01-07T23:20:00""}]},""in"":{""stops"":0,""totalDurationMin"":100,""segments"":[{""airline"":""AR"",""flightNumber"":1600,""origin"":""AEP"",""destination"":""LUQ"",""departure"":""2027-01-17T19:50:00"",""arrival"":""2027-01-17T21:30:00""}]}}"
2026-09-01T00:45:58.792Z,aerolineas,luq-bue,LUQ,AEP,2027-01-08,2027-01-18,1287,BRL,"{""out"":{""stops"":0,""totalDurationMin"":80,""segments"":[{""airline"":""AR"",""flightNumber"":1601,""origin"":""LUQ"",""destination"":""AEP"",""departure"":""2027-01-08T22:00:00"",""arrival"":""2027-01-08T23:20:00""}]},""in"":{""stops"":0,""totalDurationMin"":100,""segments"":[{""airline"":""AR"",""flightNumber"":1600,""origin"":""AEP"",""destination"":""LUQ"",""departure"":""2027-01-18T19:50:00"",""arrival"":""2027-01-18T21:30:00""}]}}"
2026-09-01T00:45:58.792Z,aerolineas,luq-bue,LUQ,AEP,2027-01-09,2027-01-19,1287,BRL,"{""out"":{""stops"":0,""totalDurationMin"":80,""segments"":[{""airline"":""AR"",""flightNumber"":1597,""origin"":""LUQ"",""destination"":""AEP"",""departure"":""2027-01-09T16:55:00"",""arrival"":""2027-01-09T18:15:00""}]},""in"":{""stops"":0,""totalDurationMin"":100,""segments"":[{""airline"":""AR"",""flightNumber"":1600,""origin"":""AEP"",""destination"":""LUQ"",""departure"":""2027-01-19T19:50:00"",""arrival"":""2027-01-19T21:30:00""}]}}"
2026-09-01T00:45:58.792Z,aerolineas,luq-bue,LUQ,AEP,2027-01-10,2027-01-20,1218,BRL,"{""out"":{""stops"":0,""totalDurationMin"":80,""segments"":[{""airline"":""AR"",""flightNumber"":1601,""origin"":""LUQ"",""destination"":""AEP"",""departure"":""2027-01-10T22:00:00"",""arrival"":""2027-01-10T23:20:00""}]},""in"":{""stops"":0,""totalDurationMin"":100,""segments"":[{""airline"":""AR"",""flightNumber"":1600,""origin"":""AEP"",""destination"":""LUQ"",""departure"":""2027-01-20T19:50:00"",""arrival"":""2027-01-20T21:30:00""}]}}"
2026-09-01T00:45:58.792Z,aerolineas,luq-bue,LUQ,AEP,2027-01-11,2027-01-21,1218,BRL,"{""out"":{""stops"":0,""totalDurationMin"":80,""segments"":[{""airline"":""AR"",""flightNumber"":1601,""origin"":""LUQ"",""destination"":""AEP"",""departure"":""2027-01-11T22:00:00"",""arrival"":""2027-01-11T23:20:00""}]},""in"":{""stops"":0,""totalDurationMin"":100,""segments"":[{""airline"":""AR"",""flightNumber"":1600,""origin"":""AEP"",""destination"":""LUQ"",""departure"":""2027-01-21T19:50:00"",""arrival"":""2027-01-21T21:30:00""}]}}"
2026-09-01T00:45:58.792Z,aerolineas,luq-bue,LUQ,AEP,2027-01-12,2027-01-22,1218,BRL,"{""out"":{""stops"":0,""totalDurationMin"":80,""segments"":[{""airline"":""AR"",""flightNumber"":1601,""origin"":""LUQ"",""destination"":""AEP"",""departure"":""2027-01-12T22:00:00"",""arrival"":""2027-01-12T23:20:00""}]},""in"":{""stops"":0,""totalDurationMin"":100,""segments"":[{""airline"":""AR"",""flightNumber"":1600,""origin"":""AEP"",""destination"":""LUQ"",""departure"":""2027-01-22T19:50:00"",""arrival"":""2027-01-22T21:30:00""}]}}"
2026-09-01T00:45:58.792Z,aerolineas,luq-bue,LUQ,AEP,2027-01-13,2027-01-23,1218,BRL,"{""out"":{""stops"":0,""totalDurationMin"":80,""segments"":[{""airline"":""AR"",""flightNumber"":1601,""origin"":""LUQ"",""destination"":""AEP"",""departure"":""2027-01-13T22:00:00"",""arrival"":""2027-01-13T23:20:00""}]},""in"":{""stops"":0,""totalDurationMin"":100,""segments"":[{""airline"":""AR"",""flightNumber"":1596,""origin"":""AEP"",""destination"":""LUQ"",""departure"":""2027-01-23T14:45:00"",""arrival"":""2027-01-23T16:25:00""}]}}"
2026-09-01T00:45:58.792Z,aerolineas,luq-bue,LUQ,AEP,2027-01-14,2027-01-24,1218,BRL,"{""out"":{""stops"":0,""totalDurationMin"":80,""segments"":[{""airline"":""AR"",""flightNumber"":1601,""origin"":""LUQ"",""destination"":""EZE"",""departure"":""2027-01-14T22:00:00"",""arrival"":""2027-01-14T23:20:00""}]},""in"":{""stops"":0,""totalDurationMin"":100,""segments"":[{""airline"":""AR"",""flightNumber"":1600,""origin"":""AEP"",""destination"":""LUQ"",""departure"":""2027-01-24T19:50:00"",""arrival"":""2027-01-24T21:30:00""}]}}"
2026-09-01T00:45:58.792Z,aerolineas,luq-bue,LUQ,AEP,2027-01-15,2027-01-25,1218,BRL,"{""out"":{""stops"":0,""totalDurationMin"":80,""segments"":[{""airline"":""AR"",""flightNumber"":1601,""origin"":""LUQ"",""destination"":""AEP"",""departure"":""2027-01-15T22:00:00"",""arrival"":""2027-01-15T23:20:00""}]},""in"":{""stops"":0,""totalDurationMin"":100,""segments"":[{""airline"":""AR"",""flightNumber"":1600,""origin"":""AEP"",""destination"":""LUQ"",""departure"":""2027-01-25T19:50:00"",""arrival"":""2027-01-25T21:30:00""}]}}"
2026-09-01T00:45:58.792Z,aerolineas,luq-bue,LUQ,AEP,2027-01-16,2027-01-26,1218,BRL,"{""out"":{""stops"":0,""totalDurationMin"":80,""segments"":[{""airline"":""AR"",""flightNumber"":1597,""origin"":""LUQ"",""destination"":""AEP"",""departure"":""2027-01-16T16:55:00"",""arrival"":""2027-01-16T18:15:00""}]},""in"":{""stops"":0,""totalDurationMin"":100,""segments"":[{""airline"":""AR"",""flightNumber"":1600,""origin"":""AEP"",""destination"":""LUQ"",""departure"":""2027-01-26T19:50:00"",""arrival"":""2027-01-26T21:30:00""}]}}"
2026-09-01T00:45:58.792Z,aerolineas,luq-bue,LUQ,AEP,2027-01-17,2027-01-27,1218,BRL,"{""out"":{""stops"":0,""totalDurationMin"":80,""segments"":[{""airline"":""AR"",""flightNumber"":1601,""origin"":""LUQ"",""destination"":""AEP"",""departure"":""2027-01-17T22:00:00"",""arrival"":""2027-01-17T23:20:00""}]},""in"":{""stops"":0,""totalDurationMin"":100,""segments"":[{""airline"":""AR"",""flightNumber"":1600,""origin"":""AEP"",""destination"":""LUQ"",""departure"":""2027-01-27T19:50:00"",""arrival"":""2027-01-27T21:30:00""}]}}"
2026-09-01T00:45:58.792Z,aerolineas,luq-bue,LUQ,AEP,2027-01-18,2027-01-28,1218,BRL,"{""out"":{""stops"":0,""totalDurationMin"":80,""segments"":[{""airline"":""AR"",""flightNumber"":1601,""origin"":""LUQ"",""destination"":""AEP"",""departure"":""2027-01-18T22:00:00"",""arrival"":""2027-01-18T23:20:00""}]},""in"":{""stops"":0,""totalDurationMin"":100,""segments"":[{""airline"":""AR"",""flightNumber"":1600,""origin"":""AEP"",""destination"":""LUQ"",""departure"":""2027-01-28T19:50:00"",""arrival"":""2027-01-28T21:30:00""}]}}"
2026-09-01T00:45:58.792Z,aerolineas,luq-bue,LUQ,AEP,2027-01-19,2027-01-29,1218,BRL,"{""out"":{""stops"":0,""totalDurationMin"":80,""segments"":[{""airline"":""AR"",""flightNumber"":1601,""origin"":""LUQ"",""destination"":""AEP"",""departure"":""2027-01-19T22:00:00"",""arrival"":""2027-01-19T23:20:00""}]},""in"":{""stops"":0,""totalDurationMin"":100,""segments"":[{""airline"":""AR"",""flightNumber"":1600,""origin"":""AEP"",""destination"":""LUQ"",""departure"":""2027-01-29T19:50:00"",""arrival"":""2027-01-29T21:30:00""}]}}"
2026-09-01T00:45:58.792Z,aerolineas,luq-bue,LUQ,AEP,2027-01-20,2027-01-30,1218,BRL,"{""out"":{""stops"":0,""totalDurationMin"":80,""segments"":[{""airline"":""AR"",""flightNumber"":1601,""origin"":""LUQ"",""destination"":""AEP"",""departure"":""2027-01-20T22:00:00"",""arrival"":""2027-01-20T23:20:00""}]},""in"":{""stops"":0,""totalDurationMin"":100,""segments"":[{""airline"":""AR"",""flightNumber"":1596,""origin"":""AEP"",""destination"":""LUQ"",""departure"":""2027-01-30T14:45:00"",""arrival"":""2027-01-30T16:25:00""}]}}"
2026-09-01T00:45:58.792Z,aerolineas,luq-bue,LUQ,AEP,2027-01-21,2027-01-31,1287,BRL,"{""out"":{""stops"":0,""totalDurationMin"":80,""segments"":[{""airline"":""AR"",""flightNumber"":1601,""origin"":""LUQ"",""destination"":""EZE"",""departure"":""2027-01-21T22:00:00"",""arrival"":""2027-01-21T23:20:00""}]},""in"":{""stops"":0,""totalDurationMin"":100,""segments"":[{""airline"":""AR"",""flightNumber"":1600,""origin"":""AEP"",""destination"":""LUQ"",""departure"":""2027-01-31T19:50:00"",""arrival"":""2027-01-31T21:30:00""}]}}"
2026-09-01T00:45:58.792Z,aerolineas,luq-bue,LUQ,AEP,2027-01-22,2027-02-01,609,BRL,precio de una sola pierna (falta la otra en el calendario)
2026-09-01T00:45:58.792Z,aerolineas,luq-bue,LUQ,AEP,2027-01-23,2027-02-02,609,BRL,precio de una sola pierna (falta la otra en el calendario)
2026-09-01T00:45:58.792Z,aerolineas,luq-bue,LUQ,AEP,2027-01-24,2027-02-03,609,BRL,precio de una sola pierna (falta la otra en el calendario)
2026-09-01T00:45:58.792Z,aerolineas,luq-bue,LUQ,AEP,2027-01-25,2027-02-04,609,BRL,precio de una sola pierna (falta la otra en el calendario)
2026-09-01T00:45:58.792Z,aerolineas,luq-bue,LUQ,AEP,2027-01-26,2027-02-05,609,BRL,precio de una sola pierna (falta la otra en el calendario)
2026-09-01T00:45:58.792Z,aerolineas,luq-bue,LUQ,AEP,2027-01-27,2027-02-06,678,BRL,precio de una sola pierna (falta la otra en el calendario)
2026-09-01T00:45:58.792Z,aerolineas,luq-bue,LUQ,AEP,2027-01-28,2027-02-07,609,BRL,precio de una sola pierna (falta la otra en el calendario)
2026-09-01T00:45:58.792Z,aerolineas,luq-bue,LUQ,AEP,2027-01-29,2027-02-08,609,BRL,precio de una sola pierna (falta la otra en el calendario)
2026-09-01T00:45:58.792Z,aerolineas,luq-bue,LUQ,AEP,2027-01-30,2027-02-09,678,BRL,precio de una sola pierna (falta la otra en el calendario)
